tanggal,curah_hujan_mm,durasi_hujan_jam,status_banjir
2020-12-02,10.7,14.0,0
2020-12-03,13.1,6.0,0
2020-12-04,25.0,18.0,0
2020-12-05,2.0,6.0,0
2020-12-06,18.4,14.0,0
2020-12-07,17.2,15.0,0
2020-12-08,27.4,16.0,0
2020-12-09,5.7,9.0,0
2020-12-10,6.3,13.0,0
2020-12-11,8.1,9.0,0
2020-12-12,23.7,13.0,0
2020-12-13,0.4,3.0,0
2020-12-14,5.0,7.0,0
2020-12-15,9.6,14.0,0
2020-12-16,4.8,11.0,0
2020-12-17,29.3,20.0,0
2020-12-18,15.7,17.0,0
2020-12-19,1.1,5.0,0
2020-12-20,0.9,2.0,0
2020-12-21,0.5,4.0,0
2020-12-22,9.9,20.0,0
2020-12-23,18.8,13.0,0
2020-12-24,6.2,14.0,0
2020-12-25,12.9,14.0,0
2020-12-26,21.5,12.0,0
2020-12-27,6.3,4.0,0
2020-12-28,12.1,11.0,0
2020-12-29,9.6,7.0,0
2020-12-30,1.8,9.0,0
2020-12-31,14.1,13.0,0
2021-01-01,13.0,15.0,0
2021-01-02,17.8,16.0,0
2021-01-03,20.5,13.0,0
2021-01-04,19.8,12.0,0
2021-01-05,16.2,14.0,0
2021-01-06,9.6,10.0,0
2021-01-07,9.6,10.0,0
2021-01-08,0.6,6.0,0
2021-01-09,14.6,16.0,0
2021-01-10,13.9,7.0,0
2021-01-11,15.1,15.0,0
2021-01-12,15.9,16.0,0
2021-01-13,26.3,20.0,0
2021-01-14,14.6,17.0,0
2021-01-15,7.4,17.0,0
2021-01-16,0.0,0.0,0
2021-01-17,2.2,6.0,0
2021-01-18,0.8,3.0,0
2021-01-19,12.3,14.0,0
2021-01-20,0.9,7.0,0
2021-01-21,30.7,18.0,0
2021-01-22,12.0,14.0,0
2021-01-23,8.0,10.0,0
2021-01-24,1.4,6.0,0
2021-01-25,4.2,12.0,0
2021-01-26,10.6,14.0,0
2021-01-27,9.7,17.0,0
2021-01-28,1.6,7.0,0
2021-01-29,5.4,2.0,0
2021-01-30,1.0,5.0,0
2021-01-31,4.7,6.0,0
2021-02-01,11.7,8.0,0
2021-02-02,2.2,8.0,0
2021-02-03,17.8,11.0,0
2021-02-04,3.4,6.0,0
2021-02-05,7.3,13.0,0
2021-02-06,10.2,13.0,0
2021-02-07,12.2,18.0,0
2021-02-08,5.6,11.0,0
2021-02-09,11.5,12.0,0
2021-02-10,5.8,17.0,0
2021-02-11,17.8,13.0,0
2021-02-12,18.5,18.0,0
2021-02-13,24.2,17.0,0
2021-02-14,11.3,14.0,0
2021-02-15,12.1,9.0,0
2021-02-16,3.4,8.0,0
2021-02-17,12.8,18.0,0
2021-02-18,25.1,21.0,0
2021-02-19,5.4,13.0,0
2021-02-20,1.8,8.0,0
2021-02-21,7.9,15.0,0
2021-02-22,20.3,16.0,0
2021-02-23,15.1,18.0,0
2021-02-24,1.6,5.0,0
2021-02-25,1.9,5.0,0
2021-02-26,2.7,10.0,0
2021-02-27,7.2,9.0,0
2021-02-28,9.2,12.0,0
2021-03-01,3.0,9.0,0
2021-03-02,3.5,3.0,0
2021-03-03,4.0,8.0,0
2021-03-04,6.4,12.0,0
2021-03-05,18.6,14.0,0
2021-03-06,3.4,11.0,0
2021-03-07,4.7,7.0,0
2021-03-08,6.4,9.0,0
2021-03-09,21.8,20.0,0
2021-03-10,4.6,10.0,0
2021-03-11,0.2,1.0,0
2021-03-12,7.8,10.0,0
2021-03-13,8.1,15.0,0
2021-03-14,4.5,11.0,0
2021-03-15,1.7,4.0,0
2021-03-16,8.0,14.0,0
2021-03-17,1.2,4.0,0
2021-03-18,17.6,15.0,0
2021-03-19,7.1,8.0,0
2021-03-20,27.2,12.0,0
2021-03-21,8.5,9.0,0
2021-03-22,8.5,16.0,0
2021-03-23,12.9,20.0,0
2021-03-24,10.5,14.0,0
2021-03-25,5.7,10.0,0
2021-03-26,4.1,13.0,0
2021-03-27,1.4,9.0,0
2021-03-28,13.5,14.0,0
2021-03-29,15.5,9.0,0
2021-03-30,2.9,9.0,0
2021-03-31,7.6,7.0,0
2021-04-01,6.1,14.0,0
2021-04-02,1.9,8.0,0
2021-04-03,35.0,10.0,0
2021-04-04,8.6,9.0,0
2021-04-05,17.2,22.0,0
2021-04-06,16.1,12.0,0
2021-04-07,4.8,10.0,0
2021-04-08,10.1,10.0,0
2021-04-09,8.4,15.0,0
2021-04-10,0.2,2.0,0
2021-04-11,4.0,7.0,0
2021-04-12,1.2,4.0,0
2021-04-13,4.1,9.0,0
2021-04-14,13.3,12.0,0
2021-04-15,12.8,12.0,0
2021-04-16,10.4,9.0,0
2021-04-17,8.6,10.0,0
2021-04-18,36.0,13.0,0
2021-04-19,1.3,8.0,0
2021-04-20,0.4,4.0,0
2021-04-21,7.1,13.0,0
2021-04-22,7.5,13.0,0
2021-04-23,10.4,8.0,0
2021-04-24,4.1,5.0,0
2021-04-25,13.7,12.0,0
2021-04-26,7.8,7.0,0
2021-04-27,11.2,13.0,0
2021-04-28,14.3,11.0,0
2021-04-29,7.6,10.0,0
2021-04-30,10.2,11.0,0
2021-05-01,12.1,15.0,0
2021-05-02,4.1,8.0,0
2021-05-03,4.9,13.0,0
2021-05-04,6.9,12.0,0
2021-05-05,18.7,14.0,0
2021-05-06,5.4,16.0,0
2021-05-07,11.1,16.0,0
2021-05-08,1.1,6.0,0
2021-05-09,19.6,13.0,0
2021-05-10,5.2,6.0,0
2021-05-11,8.1,10.0,0
2021-05-12,5.3,9.0,0
2021-05-13,10.8,13.0,0
2021-05-14,17.9,17.0,0
2021-05-15,8.8,14.0,0
2021-05-16,16.9,16.0,0
2021-05-17,18.0,14.0,0
2021-05-18,11.0,15.0,0
2021-05-19,19.0,14.0,0
2021-05-20,5.4,9.0,0
2021-05-21,11.3,14.0,0
2021-05-22,0.5,3.0,0
2021-05-23,11.5,12.0,0
2021-05-24,0.0,0.0,0
2021-05-25,11.5,10.0,0
2021-05-26,0.8,6.0,0
2021-05-27,3.2,9.0,0
2021-05-28,19.0,13.0,0
2021-05-29,7.9,12.0,0
2021-05-30,2.5,11.0,0
2021-05-31,12.8,17.0,0
2021-06-01,4.7,9.0,0
2021-06-02,1.3,6.0,0
2021-06-03,0.0,0.0,0
2021-06-04,1.6,7.0,0
2021-06-05,2.0,4.0,0
2021-06-06,7.0,10.0,0
2021-06-07,16.5,18.0,0
2021-06-08,3.7,4.0,0
2021-06-09,7.2,13.0,0
2021-06-10,21.7,14.0,0
2021-06-11,6.1,9.0,0
2021-06-12,27.4,16.0,0
2021-06-13,12.0,12.0,0
2021-06-14,1.8,8.0,0
2021-06-15,5.3,9.0,0
2021-06-16,0.4,2.0,0
2021-06-17,0.8,4.0,0
2021-06-18,8.2,15.0,0
2021-06-19,6.4,9.0,0
2021-06-20,1.8,3.0,0
2021-06-21,7.0,6.0,0
2021-06-22,4.5,5.0,0
2021-06-23,7.7,7.0,0
2021-06-24,14.9,12.0,0
2021-06-25,15.6,17.0,0
2021-06-26,3.5,6.0,0
2021-06-27,15.5,13.0,0
2021-06-28,11.0,12.0,0
2021-06-29,27.5,15.0,0
2021-06-30,10.5,8.0,0
2021-07-01,10.7,13.0,0
2021-07-02,9.9,16.0,0
2021-07-03,16.8,17.0,0
2021-07-04,3.4,8.0,0
2021-07-05,0.7,7.0,0
2021-07-06,3.9,8.0,0
2021-07-07,1.1,9.0,0
2021-07-08,35.2,17.0,0
2021-07-09,10.4,16.0,0
2021-07-10,2.3,3.0,0
2021-07-11,8.7,10.0,0
2021-07-12,24.9,14.0,0
2021-07-13,9.8,7.0,0
2021-07-14,30.7,22.0,0
2021-07-15,7.3,18.0,0
2021-07-16,14.1,17.0,0
2021-07-17,3.8,8.0,0
2021-07-18,9.4,9.0,0
2021-07-19,0.0,0.0,0
2021-07-20,3.2,7.0,0
2021-07-21,25.8,15.0,0
2021-07-22,0.6,6.0,0
2021-07-23,0.0,0.0,0
2021-07-24,6.2,5.0,0
2021-07-25,1.5,6.0,0
2021-07-26,0.0,0.0,0
2021-07-27,0.0,0.0,0
2021-07-28,3.2,5.0,0
2021-07-29,7.7,8.0,0
2021-07-30,2.4,6.0,0
2021-07-31,17.8,10.0,0
2021-08-01,10.1,8.0,0
2021-08-02,9.3,9.0,0
2021-08-03,7.0,9.0,0
2021-08-04,3.7,9.0,0
2021-08-05,10.3,15.0,0
2021-08-06,4.3,4.0,0
2021-08-07,11.3,7.0,0
2021-08-08,13.3,8.0,0
2021-08-09,1.1,6.0,0
2021-08-10,5.1,11.0,0
2021-08-11,5.8,10.0,0
2021-08-12,9.9,14.0,0
2021-08-13,51.2,21.0,0
2021-08-14,12.6,7.0,0
2021-08-15,4.8,10.0,0
2021-08-16,6.7,16.0,0
2021-08-17,9.4,20.0,0
2021-08-18,1.5,8.0,0
2021-08-19,24.1,16.0,0
2021-08-20,20.9,17.0,0
2021-08-21,22.7,19.0,0
2021-08-22,18.7,18.0,0
2021-08-23,7.4,10.0,0
2021-08-24,20.6,10.0,0
2021-08-25,14.2,22.0,0
2021-08-26,17.4,17.0,0
2021-08-27,7.2,17.0,0
2021-08-28,22.7,20.0,0
2021-08-29,3.3,5.0,0
2021-08-30,18.0,15.0,0
2021-08-31,13.9,17.0,0
2021-09-01,9.9,12.0,0
2021-09-02,18.5,19.0,0
2021-09-03,104.0,22.0,0
2021-09-04,11.0,18.0,0
2021-09-05,29.3,19.0,0
2021-09-06,15.5,21.0,0
2021-09-07,6.3,9.0,0
2021-09-08,9.6,14.0,0
2021-09-09,29.5,18.0,0
2021-09-10,4.2,6.0,0
2021-09-11,17.8,19.0,0
2021-09-12,25.5,18.0,0
2021-09-13,16.8,16.0,0
2021-09-14,8.4,12.0,0
2021-09-15,30.7,22.0,0
2021-09-16,5.5,13.0,0
2021-09-17,8.0,8.0,0
2021-09-18,11.1,11.0,0
2021-09-19,1.6,7.0,0
2021-09-20,20.5,19.0,0
2021-09-21,36.3,23.0,0
2021-09-22,5.8,14.0,0
2021-09-23,0.9,4.0,0
2021-09-24,15.2,16.0,0
2021-09-25,3.7,5.0,0
2021-09-26,10.3,13.0,0
2021-09-27,1.0,5.0,0
2021-09-28,3.0,9.0,0
2021-09-29,31.5,19.0,0
2021-09-30,12.9,10.0,0
2021-10-01,16.2,18.0,0
2021-10-02,13.4,18.0,0
2021-10-03,11.8,11.0,0
2021-10-04,26.5,19.0,0
2021-10-05,3.0,4.0,0
2021-10-06,7.6,10.0,0
2021-10-07,5.1,12.0,0
2021-10-08,7.4,9.0,0
2021-10-09,1.7,8.0,0
2021-10-10,26.8,11.0,0
2021-10-11,7.6,14.0,0
2021-10-12,1.2,6.0,0
2021-10-13,0.0,0.0,0
2021-10-14,10.1,13.0,0
2021-10-15,8.1,7.0,0
2021-10-16,11.8,5.0,0
2021-10-17,14.1,13.0,0
2021-10-18,17.6,12.0,0
2021-10-19,10.9,16.0,0
2021-10-20,7.3,12.0,0
2021-10-21,12.7,13.0,0
2021-10-22,27.6,16.0,0
2021-10-23,2.3,1.0,0
2021-10-24,1.7,7.0,0
2021-10-25,2.2,9.0,0
2021-10-26,16.4,10.0,0
2021-10-27,5.4,9.0,0
2021-10-28,17.4,11.0,0
2021-10-29,29.6,18.0,0
2021-10-30,22.7,13.0,0
2021-10-31,12.1,9.0,0
2021-11-01,1.6,7.0,0
2021-11-02,5.5,11.0,0
2021-11-03,2.6,7.0,0
2021-11-04,14.2,13.0,0
2021-11-05,33.1,16.0,0
2021-11-06,6.6,6.0,0
2021-11-07,17.7,13.0,0
2021-11-08,40.9,15.0,0
2021-11-09,3.4,6.0,0
2021-11-10,28.6,13.0,0
2021-11-11,12.7,17.0,0
2021-11-12,27.5,21.0,0
2021-11-13,9.0,15.0,0
2021-11-14,8.9,3.0,0
2021-11-15,25.1,15.0,0
2021-11-16,24.8,15.0,0
2021-11-17,7.2,8.0,0
2021-11-18,6.9,12.0,0
2021-11-19,25.2,18.0,0
2021-11-20,23.7,15.0,0
2021-11-21,0.1,1.0,0
2021-11-22,6.9,9.0,0
2021-11-23,12.0,13.0,0
2021-11-24,29.2,16.0,0
2021-11-25,32.8,12.0,0
2021-11-26,39.0,21.0,0
2021-11-27,10.9,16.0,0
2021-11-28,77.5,23.0,0
2021-11-29,2.8,7.0,0
2021-11-30,0.0,0.0,0
2021-12-01,0.0,0.0,0
2021-12-02,1.7,6.0,0
2021-12-03,13.3,8.0,0
2021-12-04,19.9,14.0,0
2021-12-05,12.8,10.0,0
2021-12-06,14.3,14.0,0
2021-12-07,1.8,6.0,0
2021-12-08,1.2,9.0,0
2021-12-09,11.3,8.0,0
2021-12-10,21.8,15.0,0
2021-12-11,14.7,11.0,0
2021-12-12,3.2,10.0,0
2021-12-13,11.3,12.0,0
2021-12-14,12.0,10.0,0
2021-12-15,4.1,13.0,0
2021-12-16,19.4,15.0,0
2021-12-17,6.0,8.0,0
2021-12-18,33.2,13.0,0
2021-12-19,17.4,15.0,0
2021-12-20,26.7,18.0,0
2021-12-21,5.1,15.0,0
2021-12-22,11.7,10.0,0
2021-12-23,20.5,13.0,0
2021-12-24,5.3,5.0,0
2021-12-25,13.1,7.0,0
2021-12-26,16.4,11.0,0
2021-12-27,11.7,14.0,0
2021-12-28,16.6,13.0,0
2021-12-29,10.8,13.0,0
2021-12-30,0.6,4.0,0
2021-12-31,2.3,4.0,0
2022-01-01,1.0,3.0,0
2022-01-02,5.3,5.0,0
2022-01-03,22.7,19.0,0
2022-01-04,16.6,15.0,0
2022-01-05,4.8,7.0,0
2022-01-06,9.4,8.0,0
2022-01-07,3.9,9.0,0
2022-01-08,0.2,2.0,0
2022-01-09,11.6,8.0,0
2022-01-10,16.9,13.0,0
2022-01-11,6.4,8.0,0
2022-01-12,14.8,13.0,0
2022-01-13,19.7,14.0,0
2022-01-14,9.7,7.0,0
2022-01-15,11.2,8.0,0
2022-01-16,0.4,4.0,0
2022-01-17,1.2,3.0,0
2022-01-18,11.2,9.0,0
2022-01-19,23.8,17.0,0
2022-01-20,41.3,12.0,0
2022-01-21,13.4,19.0,0
2022-01-22,4.4,6.0,0
2022-01-23,16.4,18.0,0
2022-01-24,14.3,14.0,0
2022-01-25,13.6,13.0,0
2022-01-26,10.4,7.0,0
2022-01-27,16.9,14.0,0
2022-01-28,35.6,16.0,0
2022-01-29,3.4,8.0,0
2022-01-30,3.3,4.0,0
2022-01-31,0.8,4.0,0
2022-02-01,19.5,7.0,0
2022-02-02,0.2,1.0,0
2022-02-03,0.6,2.0,0
2022-02-04,3.9,6.0,0
2022-02-05,12.2,7.0,0
2022-02-06,12.5,14.0,0
2022-02-07,10.6,16.0,0
2022-02-08,6.9,11.0,0
2022-02-09,19.6,20.0,0
2022-02-10,22.7,15.0,0
2022-02-11,15.2,12.0,0
2022-02-12,15.5,17.0,0
2022-02-13,8.1,8.0,0
2022-02-14,13.3,6.0,0
2022-02-15,24.1,18.0,0
2022-02-16,10.4,14.0,0
2022-02-17,5.1,4.0,0
2022-02-18,20.4,23.0,0
2022-02-19,15.7,17.0,0
2022-02-20,27.5,20.0,0
2022-02-21,14.3,16.0,0
2022-02-22,16.1,5.0,0
2022-02-23,11.9,14.0,0
2022-02-24,11.9,12.0,0
2022-02-25,0.8,3.0,0
2022-02-26,0.3,1.0,0
2022-02-27,0.2,1.0,0
2022-02-28,1.3,4.0,0
2022-03-01,0.2,2.0,0
2022-03-02,2.4,11.0,0
2022-03-03,4.5,13.0,0
2022-03-04,9.1,12.0,0
2022-03-05,29.2,21.0,0
2022-03-06,22.8,20.0,0
2022-03-07,31.7,17.0,0
2022-03-08,1.0,4.0,0
2022-03-09,22.9,14.0,0
2022-03-10,6.1,9.0,0
2022-03-11,10.0,12.0,0
2022-03-12,28.1,13.0,0
2022-03-13,22.9,22.0,0
2022-03-14,1.5,4.0,0
2022-03-15,6.1,10.0,0
2022-03-16,12.7,15.0,0
2022-03-17,6.3,13.0,0
2022-03-18,36.3,17.0,0
2022-03-19,20.3,16.0,0
2022-03-20,29.7,15.0,0
2022-03-21,1.4,3.0,0
2022-03-22,18.9,15.0,0
2022-03-23,8.7,9.0,0
2022-03-24,1.8,3.0,0
2022-03-25,5.0,7.0,0
2022-03-26,1.2,3.0,0
2022-03-27,11.7,10.0,0
2022-03-28,6.4,4.0,0
2022-03-29,8.5,9.0,0
2022-03-30,10.0,10.0,0
2022-03-31,1.3,3.0,0
2022-04-01,6.4,8.0,0
2022-04-02,16.0,8.0,0
2022-04-03,0.6,4.0,0
2022-04-04,17.3,6.0,0
2022-04-05,14.8,20.0,0
2022-04-06,24.0,8.0,0
2022-04-07,9.3,10.0,0
2022-04-08,13.8,11.0,0
2022-04-09,3.5,4.0,0
2022-04-10,13.9,13.0,0
2022-04-11,9.6,6.0,0
2022-04-12,4.0,9.0,0
2022-04-13,11.4,12.0,0
2022-04-14,1.5,3.0,0
2022-04-15,13.1,12.0,0
2022-04-16,54.1,18.0,0
2022-04-17,2.9,5.0,0
2022-04-18,4.3,7.0,0
2022-04-19,5.1,8.0,0
2022-04-20,7.0,6.0,0
2022-04-21,10.3,12.0,0
2022-04-22,34.0,13.0,0
2022-04-23,5.6,5.0,0
2022-04-24,1.9,7.0,0
2022-04-25,18.9,16.0,0
2022-04-26,12.2,10.0,0
2022-04-27,28.5,18.0,0
2022-04-28,5.6,7.0,0
2022-04-29,2.0,9.0,0
2022-04-30,10.0,10.0,0
2022-05-01,7.5,2.0,0
2022-05-02,3.7,11.0,0
2022-05-03,7.1,8.0,0
2022-05-04,25.8,16.0,0
2022-05-05,4.5,7.0,0
2022-05-06,1.1,4.0,0
2022-05-07,3.7,7.0,0
2022-05-08,19.2,13.0,0
2022-05-09,21.8,22.0,0
2022-05-10,9.0,12.0,0
2022-05-11,0.4,4.0,0
2022-05-12,29.0,14.0,0
2022-05-13,28.2,10.0,0
2022-05-14,22.8,17.0,0
2022-05-15,5.6,9.0,0
2022-05-16,15.8,13.0,0
2022-05-17,14.5,13.0,0
2022-05-18,0.4,1.0,0
2022-05-19,17.3,13.0,0
2022-05-20,22.9,17.0,0
2022-05-21,15.5,17.0,0
2022-05-22,6.5,5.0,0
2022-05-23,5.4,8.0,0
2022-05-24,14.2,8.0,0
2022-05-25,12.3,8.0,0
2022-05-26,3.6,9.0,0
2022-05-27,14.5,17.0,0
2022-05-28,1.2,2.0,0
2022-05-29,15.7,10.0,0
2022-05-30,0.0,0.0,0
2022-05-31,0.7,2.0,0
2022-06-01,1.2,4.0,0
2022-06-02,4.3,11.0,0
2022-06-03,12.3,10.0,0
2022-06-04,17.2,15.0,0
2022-06-05,1.6,6.0,0
2022-06-06,7.2,9.0,0
2022-06-07,15.6,12.0,0
2022-06-08,0.4,4.0,0
2022-06-09,9.3,13.0,0
2022-06-10,3.6,6.0,0
2022-06-11,5.3,7.0,0
2022-06-12,5.7,15.0,0
2022-06-13,10.8,10.0,0
2022-06-14,10.2,11.0,0
2022-06-15,5.8,15.0,0
2022-06-16,5.8,6.0,0
2022-06-17,23.0,18.0,0
2022-06-18,16.6,19.0,0
2022-06-19,5.4,9.0,0
2022-06-20,3.1,8.0,0
2022-06-21,19.9,10.0,0
2022-06-22,6.2,10.0,0
2022-06-23,11.4,14.0,0
2022-06-24,17.6,12.0,0
2022-06-25,9.1,11.0,0
2022-06-26,12.6,15.0,0
2022-06-27,2.1,9.0,0
2022-06-28,8.3,12.0,0
2022-06-29,16.3,9.0,0
2022-06-30,18.9,19.0,0
2022-07-01,9.3,10.0,0
2022-07-02,0.3,2.0,0
2022-07-03,11.1,13.0,0
2022-07-04,5.9,13.0,0
2022-07-05,1.3,2.0,0
2022-07-06,7.8,10.0,0
2022-07-07,1.4,6.0,0
2022-07-08,14.1,11.0,0
2022-07-09,20.2,21.0,0
2022-07-10,5.2,15.0,0
2022-07-11,15.6,11.0,0
2022-07-12,12.2,10.0,0
2022-07-13,16.2,19.0,0
2022-07-14,10.2,15.0,0
2022-07-15,0.8,5.0,0
2022-07-16,12.6,8.0,0
2022-07-17,12.7,13.0,0
2022-07-18,0.9,6.0,0
2022-07-19,3.5,4.0,0
2022-07-20,1.6,4.0,0
2022-07-21,2.0,3.0,0
2022-07-22,10.0,9.0,0
2022-07-23,14.5,11.0,0
2022-07-24,2.8,6.0,0
2022-07-25,10.3,10.0,0
2022-07-26,5.3,7.0,0
2022-07-27,19.6,18.0,0
2022-07-28,17.8,19.0,0
2022-07-29,13.3,13.0,0
2022-07-30,15.7,18.0,0
2022-07-31,25.1,17.0,0
2022-08-01,0.7,4.0,0
2022-08-02,12.6,13.0,0
2022-08-03,4.8,17.0,0
2022-08-04,14.0,14.0,0
2022-08-05,8.0,9.0,0
2022-08-06,5.1,10.0,0
2022-08-07,0.9,5.0,0
2022-08-08,9.2,7.0,0
2022-08-09,11.5,10.0,0
2022-08-10,20.9,14.0,0
2022-08-11,14.2,10.0,0
2022-08-12,2.9,5.0,0
2022-08-13,22.5,10.0,0
2022-08-14,19.6,13.0,0
2022-08-15,5.7,8.0,0
2022-08-16,10.2,8.0,0
2022-08-17,8.0,9.0,0
2022-08-18,6.7,8.0,0
2022-08-19,0.3,2.0,0
2022-08-20,16.5,11.0,0
2022-08-21,4.7,13.0,0
2022-08-22,18.8,10.0,0
2022-08-23,11.8,9.0,0
2022-08-24,14.9,13.0,0
2022-08-25,19.9,17.0,0
2022-08-26,7.5,14.0,0
2022-08-27,11.2,15.0,0
2022-08-28,12.1,15.0,0
2022-08-29,16.9,16.0,0
2022-08-30,23.4,17.0,0
2022-08-31,18.4,14.0,0
2022-09-01,0.6,5.0,0
2022-09-02,6.1,9.0,0
2022-09-03,18.8,13.0,0
2022-09-04,30.3,14.0,0
2022-09-05,30.2,24.0,0
2022-09-06,3.1,7.0,0
2022-09-07,11.1,9.0,0
2022-09-08,23.5,13.0,0
2022-09-09,20.9,17.0,0
2022-09-10,4.0,6.0,0
2022-09-11,18.9,10.0,0
2022-09-12,0.9,3.0,0
2022-09-13,15.0,14.0,0
2022-09-14,13.2,10.0,0
2022-09-15,9.3,10.0,0
2022-09-16,8.1,9.0,0
2022-09-17,4.3,8.0,0
2022-09-18,2.5,5.0,0
2022-09-19,3.0,10.0,0
2022-09-20,5.0,7.0,0
2022-09-21,21.5,16.0,0
2022-09-22,7.8,10.0,0
2022-09-23,3.7,3.0,0
2022-09-24,34.8,16.0,0
2022-09-25,5.8,6.0,0
2022-09-26,6.5,7.0,0
2022-09-27,2.1,5.0,0
2022-09-28,6.5,5.0,0
2022-09-29,21.4,11.0,0
2022-09-30,0.8,6.0,0
2022-10-01,7.2,9.0,0
2022-10-02,8.6,10.0,0
2022-10-03,14.3,13.0,0
2022-10-04,1.7,12.0,0
2022-10-05,12.8,16.0,0
2022-10-06,10.9,14.0,0
2022-10-07,8.1,11.0,0
2022-10-08,2.7,8.0,0
2022-10-09,48.6,20.0,0
2022-10-10,26.6,11.0,0
2022-10-11,13.5,13.0,0
2022-10-12,0.9,9.0,0
2022-10-13,31.7,12.0,0
2022-10-14,8.5,5.0,0
2022-10-15,15.9,14.0,0
2022-10-16,7.1,11.0,0
2022-10-17,12.1,12.0,0
2022-10-18,6.4,7.0,0
2022-10-19,22.5,11.0,0
2022-10-20,2.7,4.0,0
2022-10-21,12.2,10.0,0
2022-10-22,22.2,15.0,0
2022-10-23,1.9,5.0,0
2022-10-24,7.0,12.0,0
2022-10-25,22.4,13.0,0
2022-10-26,15.8,20.0,0
2022-10-27,0.6,2.0,0
2022-10-28,2.1,5.0,0
2022-10-29,0.0,0.0,0
2022-10-30,1.0,5.0,0
2022-10-31,4.0,6.0,0
2022-11-01,4.1,8.0,0
2022-11-02,15.1,16.0,0
2022-11-03,9.8,8.0,0
2022-11-04,23.5,13.0,0
2022-11-05,4.8,11.0,0
2022-11-06,26.3,15.0,0
2022-11-07,2.1,8.0,0
2022-11-08,15.1,14.0,0
2022-11-09,4.0,10.0,0
2022-11-10,9.9,10.0,0
2022-11-11,4.3,4.0,0
2022-11-12,18.7,12.0,0
2022-11-13,13.6,15.0,0
2022-11-14,39.2,18.0,0
2022-11-15,10.7,17.0,0
2022-11-16,1.0,2.0,0
2022-11-17,22.0,9.0,0
2022-11-18,26.7,19.0,0
2022-11-19,0.3,3.0,0
2022-11-20,4.5,8.0,0
2022-11-21,26.7,15.0,0
2022-11-22,8.8,6.0,0
2022-11-23,3.6,6.0,0
2022-11-24,19.1,12.0,0
2022-11-25,3.8,7.0,0
2022-11-26,12.7,15.0,0
2022-11-27,18.5,14.0,0
2022-11-28,2.5,6.0,0
2022-11-29,34.7,15.0,0
2022-11-30,5.8,8.0,0
2022-12-01,10.5,14.0,0
2022-12-02,15.6,14.0,0
2022-12-03,40.7,17.0,0
2022-12-04,0.4,3.0,0
2022-12-05,11.9,12.0,0
2022-12-06,2.2,8.0,0
2022-12-07,10.4,15.0,0
2022-12-08,6.8,12.0,0
2022-12-09,1.3,8.0,0
2022-12-10,1.2,5.0,0
2022-12-11,1.2,3.0,0
2022-12-12,12.4,11.0,0
2022-12-13,19.3,13.0,0
2022-12-14,16.0,18.0,0
2022-12-15,8.4,8.0,0
2022-12-16,32.8,17.0,0
2022-12-17,7.0,17.0,0
2022-12-18,1.5,9.0,0
2022-12-19,8.4,8.0,0
2022-12-20,6.8,9.0,0
2022-12-21,10.2,9.0,0
2022-12-22,16.7,10.0,0
2022-12-23,28.2,22.0,0
2022-12-24,11.9,15.0,0
2022-12-25,0.2,2.0,0
2022-12-26,0.0,0.0,0
2022-12-27,6.2,5.0,0
2022-12-28,0.5,3.0,0
2022-12-29,3.2,7.0,0
2022-12-30,0.4,4.0,0
2022-12-31,0.0,0.0,0
2023-01-01,0.1,1.0,0
2023-01-02,20.3,13.0,0
2023-01-03,7.7,6.0,0
2023-01-04,0.2,1.0,0
2023-01-05,7.0,9.0,0
2023-01-06,10.8,15.0,0
2023-01-07,13.2,8.0,0
2023-01-08,7.6,14.0,0
2023-01-09,12.4,16.0,0
2023-01-10,10.8,13.0,0
2023-01-11,0.6,4.0,0
2023-01-12,6.7,8.0,0
2023-01-13,0.9,3.0,0
2023-01-14,2.1,11.0,0
2023-01-15,5.1,4.0,0
2023-01-16,0.4,3.0,0
2023-01-17,7.2,10.0,0
2023-01-18,15.4,18.0,0
2023-01-19,16.1,16.0,0
2023-01-20,11.3,12.0,0
2023-01-21,6.2,10.0,0
2023-01-22,19.9,11.0,0
2023-01-23,14.2,17.0,0
2023-01-24,13.7,17.0,0
2023-01-25,43.9,23.0,0
2023-01-26,19.1,21.0,0
2023-01-27,18.9,14.0,0
2023-01-28,23.2,15.0,0
2023-01-29,16.1,15.0,0
2023-01-30,10.7,17.0,0
2023-01-31,19.4,15.0,0
2023-02-01,10.4,20.0,0
2023-02-02,12.5,21.0,0
2023-02-03,14.3,15.0,0
2023-02-04,1.3,8.0,0
2023-02-05,13.0,10.0,0
2023-02-06,1.9,6.0,0
2023-02-07,3.4,7.0,0
2023-02-08,0.0,0.0,0
2023-02-09,0.0,0.0,0
2023-02-10,0.7,3.0,0
2023-02-11,11.6,11.0,0
2023-02-12,5.0,10.0,0
2023-02-13,8.1,10.0,0
2023-02-14,2.3,7.0,0
2023-02-15,26.9,13.0,0
2023-02-16,29.3,16.0,0
2023-02-17,22.3,19.0,0
2023-02-18,4.9,9.0,0
2023-02-19,6.8,14.0,0
2023-02-20,14.6,11.0,0
2023-02-21,6.3,9.0,0
2023-02-22,14.8,13.0,0
2023-02-23,5.4,8.0,0
2023-02-24,26.6,14.0,0
2023-02-25,18.0,17.0,0
2023-02-26,21.2,18.0,0
2023-02-27,1.5,9.0,0
2023-02-28,27.4,18.0,0
2023-03-01,18.4,20.0,0
2023-03-02,0.4,1.0,0
2023-03-03,10.6,15.0,0
2023-03-04,23.7,13.0,0
2023-03-05,27.7,17.0,0
2023-03-06,4.1,5.0,0
2023-03-07,17.0,13.0,0
2023-03-08,21.2,17.0,0
2023-03-09,36.9,16.0,0
2023-03-10,4.0,10.0,0
2023-03-11,28.2,16.0,0
2023-03-12,14.8,21.0,0
2023-03-13,25.7,21.0,0
2023-03-14,44.6,16.0,0
2023-03-15,12.5,20.0,0
2023-03-16,19.9,13.0,0
2023-03-17,1.6,5.0,0
2023-03-18,5.5,8.0,0
2023-03-19,4.6,8.0,0
2023-03-20,11.9,13.0,0
2023-03-21,16.4,19.0,0
2023-03-22,14.2,13.0,0
2023-03-23,10.8,15.0,0
2023-03-24,0.7,5.0,0
2023-03-25,18.8,14.0,0
2023-03-26,16.5,18.0,0
2023-03-27,19.7,19.0,0
2023-03-28,11.2,16.0,0
2023-03-29,8.6,4.0,0
2023-03-30,33.0,14.0,0
2023-03-31,29.6,17.0,0
2023-04-01,4.2,9.0,0
2023-04-02,15.2,15.0,0
2023-04-03,5.5,6.0,0
2023-04-04,4.9,11.0,0
2023-04-05,12.4,11.0,0
2023-04-06,13.5,12.0,0
2023-04-07,24.9,12.0,0
2023-04-08,13.4,8.0,0
2023-04-09,12.9,10.0,0
2023-04-10,26.0,16.0,0
2023-04-11,16.9,6.0,0
2023-04-12,9.4,12.0,0
2023-04-13,10.9,9.0,0
2023-04-14,7.1,11.0,0
2023-04-15,23.7,12.0,0
2023-04-16,16.5,11.0,0
2023-04-17,10.2,18.0,0
2023-04-18,3.2,10.0,0
2023-04-19,3.8,8.0,0
2023-04-20,14.4,10.0,0
2023-04-21,4.8,8.0,0
2023-04-22,7.4,12.0,0
2023-04-23,4.5,8.0,0
2023-04-24,9.5,13.0,0
2023-04-25,16.4,12.0,0
2023-04-26,12.0,9.0,0
2023-04-27,17.5,12.0,0
2023-04-28,2.9,7.0,0
2023-04-29,9.3,12.0,0
2023-04-30,20.7,19.0,0
2023-05-01,7.5,8.0,0
2023-05-02,15.3,13.0,0
2023-05-03,0.4,3.0,0
2023-05-04,10.2,10.0,0
2023-05-05,5.4,8.0,0
2023-05-06,6.4,10.0,0
2023-05-07,22.4,14.0,0
2023-05-08,33.1,23.0,0
2023-05-09,16.4,19.0,0
2023-05-10,30.3,13.0,0
2023-05-11,3.8,8.0,0
2023-05-12,12.1,7.0,0
2023-05-13,7.3,11.0,0
2023-05-14,4.8,8.0,0
2023-05-15,14.9,10.0,0
2023-05-16,8.4,16.0,0
2023-05-17,3.9,10.0,0
2023-05-18,15.1,11.0,0
2023-05-19,5.4,8.0,0
2023-05-20,2.0,6.0,0
2023-05-21,3.1,8.0,0
2023-05-22,16.5,10.0,0
2023-05-23,13.7,6.0,0
2023-05-24,26.5,15.0,0
2023-05-25,13.9,8.0,0
2023-05-26,4.8,9.0,0
2023-05-27,3.4,5.0,0
2023-05-28,4.2,11.0,0
2023-05-29,6.0,7.0,0
2023-05-30,20.1,17.0,0
2023-05-31,4.7,9.0,0
2023-06-01,3.7,8.0,0
2023-06-02,6.4,9.0,0
2023-06-03,3.4,9.0,0
2023-06-04,4.2,12.0,0
2023-06-05,12.8,15.0,0
2023-06-06,6.3,7.0,0
2023-06-07,10.1,11.0,0
2023-06-08,7.0,10.0,0
2023-06-09,11.7,13.0,0
2023-06-10,12.7,6.0,0
2023-06-11,8.1,8.0,0
2023-06-12,9.5,11.0,0
2023-06-13,9.5,12.0,0
2023-06-14,1.6,6.0,0
2023-06-15,17.7,16.0,0
2023-06-16,9.2,18.0,0
2023-06-17,29.1,14.0,0
2023-06-18,25.5,9.0,0
2023-06-19,2.7,4.0,0
2023-06-20,16.7,16.0,0
2023-06-21,0.4,4.0,0
2023-06-22,0.3,3.0,0
2023-06-23,3.3,5.0,0
2023-06-24,7.3,11.0,0
2023-06-25,11.7,10.0,0
2023-06-26,6.9,6.0,0
2023-06-27,18.1,11.0,0
2023-06-28,9.9,9.0,0
2023-06-29,5.2,10.0,0
2023-06-30,8.1,11.0,0
2023-07-01,10.8,13.0,0
2023-07-02,13.7,13.0,0
2023-07-03,26.2,23.0,0
2023-07-04,6.4,8.0,0
2023-07-05,15.5,10.0,0
2023-07-06,8.7,11.0,0
2023-07-07,32.1,15.0,0
2023-07-08,12.8,15.0,0
2023-07-09,1.3,2.0,0
2023-07-10,0.1,1.0,0
2023-07-11,11.0,7.0,0
2023-07-12,4.1,6.0,0
2023-07-13,6.5,7.0,0
2023-07-14,6.2,5.0,0
2023-07-15,23.7,17.0,0
2023-07-16,1.2,6.0,0
2023-07-17,0.1,1.0,0
2023-07-18,0.3,3.0,0
2023-07-19,2.7,9.0,0
2023-07-20,29.7,19.0,0
2023-07-21,22.9,21.0,0
2023-07-22,0.5,4.0,0
2023-07-23,0.7,5.0,0
2023-07-24,1.5,5.0,0
2023-07-25,1.3,8.0,0
2023-07-26,2.4,6.0,0
2023-07-27,0.5,5.0,0
2023-07-28,0.0,0.0,0
2023-07-29,0.2,2.0,0
2023-07-30,0.4,4.0,0
2023-07-31,0.2,2.0,0
2023-08-01,0.3,3.0,0
2023-08-02,0.9,4.0,0
2023-08-03,0.8,3.0,0
2023-08-04,0.0,0.0,0
2023-08-05,5.9,8.0,0
2023-08-06,2.0,5.0,0
2023-08-07,1.6,3.0,0
2023-08-08,0.8,4.0,0
2023-08-09,2.1,5.0,0
2023-08-10,5.1,6.0,0
2023-08-11,9.3,8.0,0
2023-08-12,2.1,7.0,0
2023-08-13,0.2,2.0,0
2023-08-14,0.8,5.0,0
2023-08-15,1.4,7.0,0
2023-08-16,2.1,3.0,0
2023-08-17,0.3,3.0,0
2023-08-18,1.9,7.0,0
2023-08-19,1.5,3.0,0
2023-08-20,1.7,5.0,0
2023-08-21,2.8,4.0,0
2023-08-22,7.3,9.0,0
2023-08-23,2.4,8.0,0
2023-08-24,10.4,12.0,0
2023-08-25,24.2,15.0,0
2023-08-26,13.8,14.0,0
2023-08-27,1.2,5.0,0
2023-08-28,1.3,7.0,0
2023-08-29,0.1,1.0,0
2023-08-30,0.8,3.0,0
2023-08-31,1.0,5.0,0
2023-09-01,3.0,4.0,0
2023-09-02,0.7,4.0,0
2023-09-03,1.1,4.0,0
2023-09-04,0.5,4.0,0
2023-09-05,1.1,7.0,0
2023-09-06,3.4,8.0,0
2023-09-07,3.4,7.0,0
2023-09-08,0.5,5.0,0
2023-09-09,0.2,1.0,0
2023-09-10,0.9,1.0,0
2023-09-11,27.7,9.0,0
2023-09-12,26.8,18.0,0
2023-09-13,14.8,14.0,0
2023-09-14,11.4,11.0,0
2023-09-15,4.3,6.0,0
2023-09-16,1.8,8.0,0
2023-09-17,26.7,14.0,0
2023-09-18,13.5,8.0,0
2023-09-19,8.5,11.0,0
2023-09-20,4.6,6.0,0
2023-09-21,1.6,5.0,0
2023-09-22,0.1,1.0,0
2023-09-23,0.3,3.0,0
2023-09-24,1.7,3.0,0
2023-09-25,1.5,6.0,0
2023-09-26,0.3,3.0,0
2023-09-27,0.1,1.0,0
2023-09-28,0.1,1.0,0
2023-09-29,0.9,6.0,0
2023-09-30,1.7,7.0,0
2023-10-01,2.2,6.0,0
2023-10-02,0.6,5.0,0
2023-10-03,0.5,2.0,0
2023-10-04,0.5,4.0,0
2023-10-05,2.4,7.0,0
2023-10-06,2.1,9.0,0
2023-10-07,7.5,6.0,0
2023-10-08,1.9,7.0,0
2023-10-09,2.4,5.0,0
2023-10-10,1.1,6.0,0
2023-10-11,1.2,6.0,0
2023-10-12,1.4,5.0,0
2023-10-13,5.9,8.0,0
2023-10-14,0.6,5.0,0
2023-10-15,9.1,5.0,0
2023-10-16,10.8,10.0,0
2023-10-17,0.2,1.0,0
2023-10-18,22.3,11.0,0
2023-10-19,8.5,8.0,0
2023-10-20,7.5,13.0,0
2023-10-21,0.8,4.0,0
2023-10-22,3.9,7.0,0
2023-10-23,12.7,6.0,0
2023-10-24,4.5,11.0,0
2023-10-25,3.2,2.0,0
2023-10-26,9.7,12.0,0
2023-10-27,3.4,4.0,0
2023-10-28,2.1,5.0,0
2023-10-29,2.7,7.0,0
2023-10-30,2.9,8.0,0
2023-10-31,2.0,3.0,0
2023-11-01,1.2,2.0,0
2023-11-02,8.6,9.0,0
2023-11-03,14.8,9.0,0
2023-11-04,19.0,11.0,0
2023-11-05,5.1,3.0,0
2023-11-06,9.9,9.0,0
2023-11-07,4.8,9.0,0
2023-11-08,10.9,11.0,0
2023-11-09,13.4,15.0,0
2023-11-10,0.5,3.0,0
2023-11-11,8.0,11.0,0
2023-11-12,7.1,8.0,0
2023-11-13,17.8,14.0,0
2023-11-14,1.9,4.0,0
2023-11-15,0.9,3.0,0
2023-11-16,10.3,13.0,0
2023-11-17,24.6,13.0,0
2023-11-18,38.5,19.0,0
2023-11-19,11.6,9.0,0
2023-11-20,23.5,13.0,0
2023-11-21,23.2,11.0,0
2023-11-22,4.5,5.0,0
2023-11-23,30.5,11.0,0
2023-11-24,28.8,11.0,0
2023-11-25,4.2,8.0,0
2023-11-26,69.7,20.0,0
2023-11-27,21.7,15.0,0
2023-11-28,26.9,17.0,0
2023-11-29,5.7,6.0,0
2023-11-30,3.0,6.0,0
2023-12-01,10.0,9.0,0
2023-12-02,14.9,16.0,0
2023-12-03,17.7,14.0,0
2023-12-04,9.7,9.0,0
2023-12-05,10.3,9.0,0
2023-12-06,10.5,7.0,0
2023-12-07,21.2,12.0,0
2023-12-08,0.4,4.0,0
2023-12-09,26.1,16.0,0
2023-12-10,4.2,4.0,0
2023-12-11,18.3,14.0,0
2023-12-12,4.3,8.0,0
2023-12-13,26.7,13.0,0
2023-12-14,0.0,0.0,0
2023-12-15,6.6,8.0,0
2023-12-16,14.5,14.0,0
2023-12-17,10.1,9.0,0
2023-12-18,12.1,13.0,0
2023-12-19,18.9,15.0,0
2023-12-20,22.9,15.0,0
2023-12-21,11.0,11.0,0
2023-12-22,3.3,8.0,0
2023-12-23,2.5,9.0,0
2023-12-24,6.0,5.0,0
2023-12-25,1.6,3.0,0
2023-12-26,8.4,11.0,0
2023-12-27,1.4,3.0,0
2023-12-28,11.9,10.0,0
2023-12-29,5.0,6.0,0
2023-12-30,3.1,8.0,0
2023-12-31,19.3,11.0,0
2024-01-01,3.6,10.0,0
2024-01-02,24.0,17.0,0
2024-01-03,3.5,5.0,0
2024-01-04,1.9,5.0,0
2024-01-05,18.6,18.0,0
2024-01-06,7.4,7.0,0
2024-01-07,2.3,8.0,0
2024-01-08,17.2,15.0,0
2024-01-09,2.3,7.0,0
2024-01-10,0.8,4.0,0
2024-01-11,9.3,10.0,0
2024-01-12,15.7,6.0,0
2024-01-13,23.1,14.0,0
2024-01-14,17.3,18.0,0
2024-01-15,21.3,17.0,0
2024-01-16,10.7,6.0,0
2024-01-17,11.6,12.0,0
2024-01-18,0.2,1.0,0
2024-01-19,4.8,10.0,0
2024-01-20,4.3,11.0,0
2024-01-21,5.9,9.0,0
2024-01-22,8.7,7.0,0
2024-01-23,10.7,15.0,0
2024-01-24,29.1,17.0,0
2024-01-25,4.9,6.0,0
2024-01-26,0.5,1.0,0
2024-01-27,1.1,4.0,0
2024-01-28,0.4,3.0,0
2024-01-29,0.2,2.0,0
2024-01-30,0.5,3.0,0
2024-01-31,10.3,6.0,0
2024-02-01,22.0,13.0,0
2024-02-02,18.7,11.0,0
2024-02-03,16.0,15.0,0
2024-02-04,15.6,12.0,0
2024-02-05,17.7,10.0,0
2024-02-06,0.4,3.0,0
2024-02-07,14.7,10.0,0
2024-02-08,2.0,6.0,0
2024-02-09,12.8,15.0,0
2024-02-10,21.2,16.0,0
2024-02-11,22.8,15.0,0
2024-02-12,15.4,11.0,0
2024-02-13,10.3,9.0,0
2024-02-14,0.0,0.0,0
2024-02-15,1.1,6.0,0
2024-02-16,0.1,1.0,0
2024-02-17,0.5,2.0,0
2024-02-18,0.0,0.0,0
2024-02-19,0.0,0.0,0
2024-02-20,0.0,0.0,0
2024-02-21,0.8,3.0,0
2024-02-22,1.3,4.0,0
2024-02-23,0.1,1.0,0
2024-02-24,4.1,6.0,0
2024-02-25,23.1,14.0,0
2024-02-26,27.2,16.0,0
2024-02-27,2.0,7.0,0
2024-02-28,1.1,6.0,0
2024-02-29,0.5,4.0,0
2024-03-01,4.5,8.0,0
2024-03-02,18.1,10.0,0
2024-03-03,18.9,16.0,0
2024-03-04,3.3,9.0,0
2024-03-05,4.9,9.0,0
2024-03-06,14.2,7.0,0
2024-03-07,16.3,14.0,0
2024-03-08,3.5,3.0,0
2024-03-09,7.5,14.0,0
2024-03-10,7.3,17.0,0
2024-03-11,0.4,1.0,0
2024-03-12,1.0,6.0,0
2024-03-13,26.2,12.0,0
2024-03-14,0.9,3.0,0
2024-03-15,7.9,5.0,0
2024-03-16,0.4,4.0,0
2024-03-17,1.3,4.0,0
2024-03-18,0.3,3.0,0
2024-03-19,3.6,6.0,0
2024-03-20,12.5,12.0,0
2024-03-21,13.1,12.0,0
2024-03-22,12.8,13.0,0
2024-03-23,1.8,5.0,0
2024-03-24,0.5,3.0,0
2024-03-25,0.1,1.0,0
2024-03-26,0.7,3.0,0
2024-03-27,30.0,21.0,0
2024-03-28,27.0,19.0,0
2024-03-29,10.1,11.0,0
2024-03-30,9.4,5.0,0
2024-03-31,13.1,13.0,0
2024-04-01,33.5,11.0,0
2024-04-02,0.2,2.0,0
2024-04-03,0.0,0.0,0
2024-04-04,0.3,2.0,0
2024-04-05,1.3,3.0,0
2024-04-06,3.2,6.0,0
2024-04-07,15.9,14.0,0
2024-04-08,10.1,5.0,0
2024-04-09,6.6,8.0,0
2024-04-10,1.0,3.0,0
2024-04-11,0.0,0.0,0
2024-04-12,0.0,0.0,0
2024-04-13,0.1,1.0,0
2024-04-14,1.3,3.0,0
2024-04-15,2.3,7.0,0
2024-04-16,10.2,12.0,0
2024-04-17,1.8,10.0,0
2024-04-18,4.6,13.0,0
2024-04-19,6.4,10.0,0
2024-04-20,1.1,4.0,0
2024-04-21,0.9,6.0,0
2024-04-22,0.8,5.0,0
2024-04-23,4.2,5.0,0
2024-04-24,25.1,18.0,0
2024-04-25,6.9,15.0,0
2024-04-26,1.9,4.0,0
2024-04-27,3.6,9.0,0
2024-04-28,5.7,9.0,0
2024-04-29,12.5,13.0,0
2024-04-30,14.4,15.0,0
2024-05-01,11.1,9.0,0
2024-05-02,13.4,15.0,0
2024-05-03,10.7,20.0,0
2024-05-04,7.4,13.0,0
2024-05-05,21.9,16.0,0
2024-05-06,8.8,12.0,0
2024-05-07,8.6,6.0,0
2024-05-08,21.5,20.0,0
2024-05-09,33.6,17.0,0
2024-05-10,2.3,5.0,0
2024-05-11,27.5,12.0,0
2024-05-12,11.6,17.0,0
2024-05-13,11.2,11.0,0
2024-05-14,11.7,14.0,0
2024-05-15,20.3,16.0,0
2024-05-16,11.8,10.0,0
2024-05-17,3.2,15.0,0
2024-05-18,14.5,16.0,0
2024-05-19,11.5,16.0,0
2024-05-20,10.1,12.0,0
2024-05-21,4.4,15.0,0
2024-05-22,3.6,14.0,0
2024-05-23,7.7,18.0,0
2024-05-24,5.1,7.0,0
2024-05-25,15.4,11.0,0
2024-05-26,31.7,21.0,0
2024-05-27,18.6,16.0,0
2024-05-28,9.6,18.0,0
2024-05-29,12.9,11.0,0
2024-05-30,1.9,10.0,0
2024-05-31,22.2,10.0,0
2024-06-01,24.8,14.0,0
2024-06-02,22.0,12.0,0
2024-06-03,11.8,11.0,0
2024-06-04,14.9,15.0,0
2024-06-05,9.6,10.0,0
2024-06-06,26.7,17.0,0
2024-06-07,27.4,18.0,0
2024-06-08,16.2,13.0,0
2024-06-09,3.6,9.0,0
2024-06-10,12.9,8.0,0
2024-06-11,6.3,14.0,0
2024-06-12,16.1,12.0,0
2024-06-13,20.2,21.0,0
2024-06-14,9.6,15.0,0
2024-06-15,5.7,11.0,0
2024-06-16,9.0,7.0,0
2024-06-17,3.6,8.0,0
2024-06-18,10.0,18.0,0
2024-06-19,49.3,20.0,0
2024-06-20,0.9,4.0,0
2024-06-21,3.2,4.0,0
2024-06-22,6.1,6.0,0
2024-06-23,31.9,21.0,0
2024-06-24,2.1,8.0,0
2024-06-25,5.3,8.0,0
2024-06-26,18.5,9.0,0
2024-06-27,7.0,8.0,0
2024-06-28,8.9,15.0,0
2024-06-29,23.8,15.0,0
2024-06-30,11.0,10.0,0
2024-07-01,14.1,12.0,0
2024-07-02,17.4,17.0,0
2024-07-03,18.6,20.0,0
2024-07-04,1.8,3.0,0
2024-07-05,10.1,9.0,0
2024-07-06,14.4,15.0,0
2024-07-07,43.1,20.0,0
2024-07-08,3.7,16.0,0
2024-07-09,9.1,16.0,0
2024-07-10,12.1,9.0,0
2024-07-11,12.7,13.0,0
2024-07-12,3.2,7.0,0
2024-07-13,3.6,8.0,0
2024-07-14,4.6,8.0,0
2024-07-15,1.0,5.0,0
2024-07-16,22.2,14.0,0
2024-07-17,2.9,7.0,0
2024-07-18,16.7,9.0,0
2024-07-19,1.1,7.0,0
2024-07-20,1.6,6.0,0
2024-07-21,5.2,7.0,0
2024-07-22,23.4,15.0,0
2024-07-23,7.1,16.0,0
2024-07-24,1.3,6.0,0
2024-07-25,4.9,6.0,0
2024-07-26,1.2,4.0,0
2024-07-27,2.7,6.0,0
2024-07-28,0.7,4.0,0
2024-07-29,1.7,6.0,0
2024-07-30,12.9,11.0,0
2024-07-31,5.5,13.0,0
2024-08-01,6.5,16.0,0
2024-08-02,15.7,14.0,0
2024-08-03,15.5,15.0,0
2024-08-04,3.2,10.0,0
2024-08-05,6.4,6.0,0
2024-08-06,15.0,10.0,0
2024-08-07,36.3,17.0,0
2024-08-08,12.7,12.0,0
2024-08-09,10.2,15.0,0
2024-08-10,0.6,5.0,0
2024-08-11,9.3,5.0,0
2024-08-12,3.7,7.0,0
2024-08-13,16.5,11.0,0
2024-08-14,3.2,10.0,0
2024-08-15,21.6,11.0,0
2024-08-16,1.0,5.0,0
2024-08-17,18.3,9.0,0
2024-08-18,11.0,12.0,0
2024-08-19,7.7,12.0,0
2024-08-20,13.1,14.0,0
2024-08-21,28.2,20.0,0
2024-08-22,43.0,24.0,0
2024-08-23,8.8,14.0,0
2024-08-24,12.4,8.0,0
2024-08-25,24.1,13.0,0
2024-08-26,22.1,15.0,0
2024-08-27,58.8,18.0,0
2024-08-28,20.0,14.0,0
2024-08-29,29.7,15.0,0
2024-08-30,7.7,18.0,0
2024-08-31,7.6,9.0,0
2024-09-01,9.3,9.0,0
2024-09-02,10.2,7.0,0
2024-09-03,0.5,3.0,0
2024-09-04,3.1,7.0,0
2024-09-05,8.4,14.0,0
2024-09-06,11.4,10.0,0
2024-09-07,1.3,8.0,0
2024-09-08,4.2,13.0,0
2024-09-09,14.9,15.0,0
2024-09-10,9.6,10.0,0
2024-09-11,0.1,1.0,0
2024-09-12,0.0,0.0,0
2024-09-13,0.1,1.0,0
2024-09-14,0.0,0.0,0
2024-09-15,0.0,0.0,0
2024-09-16,1.4,6.0,0
2024-09-17,0.5,5.0,0
2024-09-18,3.6,4.0,0
2024-09-19,0.1,1.0,0
2024-09-20,0.8,3.0,0
2024-09-21,1.4,5.0,0
2024-09-22,1.8,2.0,0
2024-09-23,0.5,2.0,0
2024-09-24,14.2,7.0,0
2024-09-25,13.4,14.0,0
2024-09-26,4.9,8.0,0
2024-09-27,13.8,14.0,0
2024-09-28,0.1,1.0,0
2024-09-29,7.2,5.0,0
2024-09-30,6.9,10.0,0
2024-10-01,12.3,8.0,0
2024-10-02,9.2,10.0,0
2024-10-03,24.7,16.0,0
2024-10-04,8.4,10.0,0
2024-10-05,0.3,3.0,0
2024-10-06,10.4,10.0,0
2024-10-07,27.0,12.0,0
2024-10-08,1.2,5.0,0
2024-10-09,9.5,7.0,0
2024-10-10,12.3,14.0,0
2024-10-11,3.3,5.0,0
2024-10-12,3.3,10.0,0
2024-10-13,14.8,10.0,0
2024-10-14,36.1,17.0,0
2024-10-15,4.5,10.0,0
2024-10-16,7.8,7.0,0
2024-10-17,34.1,20.0,0
2024-10-18,1.6,4.0,0
2024-10-19,4.4,10.0,0
2024-10-20,0.4,2.0,0
2024-10-21,29.5,13.0,0
2024-10-22,0.0,0.0,0
2024-10-23,1.4,3.0,0
2024-10-24,2.9,3.0,0
2024-10-25,1.6,4.0,0
2024-10-26,0.6,2.0,0
2024-10-27,1.1,4.0,0
2024-10-28,0.8,3.0,0
2024-10-29,2.6,7.0,0
2024-10-30,2.2,6.0,0
2024-10-31,5.7,8.0,0
2024-11-01,1.3,5.0,0
2024-11-02,7.4,4.0,0
2024-11-03,2.8,8.0,0
2024-11-04,30.0,14.0,0
2024-11-05,9.9,9.0,0
2024-11-06,4.2,4.0,0
2024-11-07,13.3,12.0,0
2024-11-08,0.8,6.0,0
2024-11-09,23.1,14.0,0
2024-11-10,14.2,11.0,0
2024-11-11,12.5,12.0,0
2024-11-12,12.7,9.0,0
2024-11-13,5.1,11.0,0
2024-11-14,11.2,15.0,0
2024-11-15,21.7,9.0,0
2024-11-16,10.5,9.0,0
2024-11-17,22.7,13.0,0
2024-11-18,33.2,18.0,0
2024-11-19,25.8,18.0,0
2024-11-20,7.7,13.0,0
2024-11-21,4.1,9.0,0
2024-11-22,6.1,9.0,0
2024-11-23,16.3,15.0,0
2024-11-24,5.7,14.0,0
2024-11-25,15.5,12.0,0
2024-11-26,22.8,17.0,0
2024-11-27,5.0,8.0,0
2024-11-28,8.8,8.0,0
2024-11-29,11.2,11.0,0
2024-11-30,14.9,11.0,0
2024-12-01,12.2,11.0,0
2024-12-02,4.6,9.0,0
2024-12-03,38.3,20.0,0
2024-12-04,5.5,10.0,0
2024-12-05,11.3,15.0,0
2024-12-06,5.1,11.0,0
2024-12-07,0.0,0.0,0
2024-12-08,2.8,6.0,0
2024-12-09,4.0,7.0,0
2024-12-10,10.1,16.0,0
2024-12-11,29.8,14.0,0
2024-12-12,2.6,13.0,0
2024-12-13,5.5,10.0,0
2024-12-14,3.7,6.0,0
2024-12-15,1.5,11.0,0
2024-12-16,3.8,8.0,0
2024-12-17,0.0,0.0,0
2024-12-18,0.9,6.0,0
2024-12-19,6.6,5.0,0
2024-12-20,11.2,9.0,0
2024-12-21,8.7,8.0,0
2024-12-22,30.8,14.0,0
2024-12-23,1.6,12.0,0
2024-12-24,16.3,13.0,0
2024-12-25,2.0,6.0,0
2024-12-26,0.1,1.0,0
2024-12-27,0.2,2.0,0
2024-12-28,4.1,4.0,0
2024-12-29,6.2,9.0,0
2024-12-30,0.2,2.0,0
2024-12-31,0.3,2.0,0
2025-01-01,5.8,10.0,0
2025-01-02,9.8,11.0,0
2025-01-03,5.2,8.0,0
2025-01-04,16.9,19.0,0
2025-01-05,12.8,9.0,0
2025-01-06,8.4,10.0,0
2025-01-07,11.1,14.0,0
2025-01-08,9.1,14.0,0
2025-01-09,7.3,7.0,0
2025-01-10,1.0,4.0,0
2025-01-11,8.7,10.0,0
2025-01-12,25.0,13.0,0
2025-01-13,7.8,18.0,0
2025-01-14,25.0,13.0,0
2025-01-15,3.1,8.0,0
2025-01-16,8.5,4.0,0
2025-01-17,8.1,14.0,0
2025-01-18,2.6,12.0,0
2025-01-19,33.6,11.0,0
2025-01-20,10.8,15.0,0
2025-01-21,11.3,17.0,0
2025-01-22,13.3,16.0,0
2025-01-23,21.8,20.0,0
2025-01-24,18.7,18.0,0
2025-01-25,20.9,17.0,0
2025-01-26,71.3,21.0,0
2025-01-27,11.1,8.0,0
2025-01-28,55.6,19.0,0
2025-01-29,16.6,22.0,0
2025-01-30,3.0,12.0,0
2025-01-31,14.1,10.0,0
2025-02-01,24.2,16.0,0
2025-02-02,0.9,6.0,0
2025-02-03,13.3,11.0,0
2025-02-04,18.2,10.0,0
2025-02-05,3.4,4.0,0
2025-02-06,33.0,18.0,0
2025-02-07,10.8,8.0,0
2025-02-08,5.7,7.0,0
2025-02-09,14.8,6.0,0
2025-02-10,3.9,6.0,0
2025-02-11,9.1,13.0,0
2025-02-12,10.7,8.0,0
2025-02-13,0.0,0.0,0
2025-02-14,3.9,9.0,0
2025-02-15,1.7,5.0,0
2025-02-16,5.4,12.0,0
2025-02-17,24.3,15.0,0
2025-02-18,32.2,15.0,0
2025-02-19,2.6,6.0,0
2025-02-20,12.9,13.0,0
2025-02-21,2.6,9.0,0
2025-02-22,18.3,11.0,0
2025-02-23,8.5,13.0,0
2025-02-24,5.0,16.0,0
2025-02-25,0.2,2.0,0
2025-02-26,5.3,12.0,0
2025-02-27,4.4,11.0,0
2025-02-28,1.3,7.0,0
2025-03-01,10.2,11.0,0
2025-03-02,3.7,6.0,0
2025-03-03,13.3,13.0,0
2025-03-04,19.7,15.0,0
2025-03-05,18.3,13.0,0
2025-03-06,16.4,12.0,0
2025-03-07,16.7,17.0,0
2025-03-08,8.9,15.0,0
2025-03-09,0.2,1.0,0
2025-03-10,11.8,9.0,0
2025-03-11,16.6,17.0,0
2025-03-12,17.7,8.0,0
2025-03-13,8.3,13.0,0
2025-03-14,0.4,1.0,0
2025-03-15,10.4,10.0,0
2025-03-16,38.0,18.0,0
2025-03-17,28.3,17.0,0
2025-03-18,0.7,2.0,0
2025-03-19,29.5,20.0,0
2025-03-20,25.9,21.0,0
2025-03-21,4.9,6.0,0
2025-03-22,7.4,21.0,0
2025-03-23,8.8,12.0,0
2025-03-24,7.0,8.0,0
2025-03-25,5.3,14.0,0
2025-03-26,8.0,14.0,0
2025-03-27,29.6,16.0,0
2025-03-28,4.9,8.0,0
2025-03-29,15.1,14.0,0
2025-03-30,5.7,9.0,0
2025-03-31,13.5,11.0,0
2025-04-01,13.6,14.0,0
2025-04-02,11.2,13.0,0
2025-04-03,15.9,11.0,0
2025-04-04,15.0,11.0,0
2025-04-05,3.3,6.0,0
2025-04-06,47.2,21.0,0
2025-04-07,3.1,11.0,0
2025-04-08,1.7,9.0,0
2025-04-09,19.0,18.0,0
2025-04-10,19.1,13.0,0
2025-04-11,39.3,23.0,0
2025-04-12,8.5,10.0,0
2025-04-13,32.9,17.0,0
2025-04-14,21.1,17.0,0
2025-04-15,16.5,21.0,0
2025-04-16,11.9,9.0,0
2025-04-17,13.6,15.0,0
2025-04-18,9.6,11.0,0
2025-04-19,3.5,9.0,0
2025-04-20,0.5,3.0,0
2025-04-21,9.4,9.0,0
2025-04-22,9.6,14.0,0
2025-04-23,8.9,15.0,0
2025-04-24,17.5,19.0,0
2025-04-25,22.0,9.0,0
2025-04-26,16.8,11.0,0
2025-04-27,4.0,7.0,0
2025-04-28,5.9,7.0,0
2025-04-29,14.0,16.0,0
2025-04-30,13.0,10.0,0
2025-05-01,7.1,10.0,0
2025-05-02,22.4,16.0,0
2025-05-03,8.2,9.0,0
2025-05-04,0.0,0.0,0
2025-05-05,21.5,12.0,0
2025-05-06,9.1,12.0,0
2025-05-07,9.1,6.0,0
2025-05-08,1.1,7.0,0
2025-05-09,18.9,13.0,0
2025-05-10,11.6,12.0,0
2025-05-11,19.2,10.0,0
2025-05-12,29.8,15.0,0
2025-05-13,1.3,5.0,0
2025-05-14,27.2,15.0,0
2025-05-15,6.8,14.0,0
2025-05-16,8.9,7.0,0
2025-05-17,30.1,17.0,0
2025-05-18,11.1,13.0,0
2025-05-19,4.2,9.0,0
2025-05-20,11.9,16.0,0
2025-05-21,21.2,18.0,0
2025-05-22,14.2,15.0,0
2025-05-23,0.9,4.0,0
2025-05-24,11.5,10.0,0
2025-05-25,6.5,6.0,0
2025-05-26,9.0,6.0,0
2025-05-27,39.3,16.0,0
2025-05-28,1.9,5.0,0
2025-05-29,16.6,6.0,0
2025-05-30,15.1,13.0,0
2025-05-31,23.2,14.0,0
2025-06-01,8.9,15.0,0
2025-06-02,4.1,10.0,0
2025-06-03,4.9,11.0,0
2025-06-04,2.2,8.0,0
2025-06-05,7.6,9.0,0
2025-06-06,0.7,6.0,0
2025-06-07,15.3,18.0,0
2025-06-08,14.8,10.0,0
2025-06-09,0.8,5.0,0
2025-06-10,15.1,12.0,0
2025-06-11,2.6,11.0,0
2025-06-12,13.3,10.0,0
2025-06-13,7.9,7.0,0
2025-06-14,1.9,7.0,0
2025-06-15,0.3,2.0,0
2025-06-16,8.1,10.0,0
2025-06-17,2.3,8.0,0
2025-06-18,13.3,16.0,0
2025-06-19,14.2,12.0,0
2025-06-20,10.9,16.0,0
2025-06-21,2.9,5.0,0
2025-06-22,9.1,11.0,0
2025-06-23,14.6,8.0,0
2025-06-24,9.1,10.0,0
2025-06-25,19.5,8.0,0
2025-06-26,1.0,4.0,0
2025-06-27,8.4,6.0,0
2025-06-28,10.8,13.0,0
2025-06-29,1.3,5.0,0
2025-06-30,4.1,6.0,0
2025-07-01,0.5,1.0,0
2025-07-02,11.5,8.0,0
2025-07-03,0.8,3.0,0
2025-07-04,15.1,12.0,0
2025-07-05,14.5,11.0,0
2025-07-06,8.9,10.0,0
2025-07-07,23.4,19.0,0
2025-07-08,3.8,9.0,0
2025-07-09,2.1,5.0,0
2025-07-10,13.0,7.0,0
2025-07-11,4.3,9.0,0
2025-07-12,3.2,7.0,0
2025-07-13,1.4,5.0,0
2025-07-14,9.5,11.0,0
2025-07-15,6.8,11.0,0
2025-07-16,7.7,8.0,0
2025-07-17,7.1,17.0,0
2025-07-18,1.7,6.0,0
2025-07-19,1.6,9.0,0
2025-07-20,0.0,0.0,0
2025-07-21,0.1,1.0,0
2025-07-22,0.8,6.0,0
2025-07-23,0.5,4.0,0
2025-07-24,1.0,3.0,0
2025-07-25,6.1,9.0,0
2025-07-26,2.8,5.0,0
2025-07-27,4.5,2.0,0
2025-07-28,1.3,5.0,0
2025-07-29,0.1,1.0,0
2025-07-30,3.1,7.0,0
2025-07-31,3.8,7.0,0
2025-08-01,0.9,3.0,0
2025-08-02,4.1,10.0,0
2025-08-03,5.7,11.0,0
2025-08-04,22.0,17.0,0
2025-08-05,2.8,13.0,0
2025-08-06,12.4,7.0,0
2025-08-07,5.7,15.0,0
2025-08-08,2.0,9.0,0
2025-08-09,6.3,10.0,0
2025-08-10,24.9,13.0,0
2025-08-11,10.6,9.0,0
2025-08-12,20.8,15.0,0
2025-08-13,12.6,12.0,0
2025-08-14,17.9,11.0,0
2025-08-15,4.0,5.0,0
2025-08-16,15.4,12.0,0
2025-08-17,22.1,19.0,0
2025-08-18,5.8,9.0,0
2025-08-19,0.8,4.0,0
2025-08-20,21.7,16.0,0
2025-08-21,2.9,13.0,0
2025-08-22,1.2,5.0,0
2025-08-23,2.7,13.0,0
2025-08-24,0.8,6.0,0
2025-08-25,0.3,2.0,0
2025-08-26,1.2,7.0,0
2025-08-27,15.4,12.0,0
2025-08-28,12.9,12.0,0
2025-08-29,5.6,8.0,0
2025-08-30,2.1,7.0,0
2025-08-31,30.4,16.0,0
2025-09-01,4.6,10.0,0
2025-09-02,10.2,10.0,0
2025-09-03,15.2,11.0,0
2025-09-04,8.9,8.0,0
2025-09-05,14.8,15.0,0
2025-09-06,22.4,19.0,0
2025-09-07,14.5,12.0,0
2025-09-08,10.7,8.0,0
2025-09-09,10.4,15.0,0
2025-09-10,9.4,15.0,0
2025-09-11,24.6,16.0,0
2025-09-12,23.0,16.0,0
2025-09-13,4.1,11.0,0
2025-09-14,10.1,11.0,0
2025-09-15,3.3,11.0,0
2025-09-16,23.5,17.0,0
2025-09-17,8.0,13.0,0
2025-09-18,5.3,8.0,0
2025-09-19,4.0,3.0,0
2025-09-20,13.0,10.0,0
2025-09-21,5.9,5.0,0
2025-09-22,1.8,3.0,0
2025-09-23,3.9,5.0,0
2025-09-24,9.0,6.0,0
2025-09-25,9.6,12.0,0
2025-09-26,3.2,4.0,0
2025-09-27,10.8,7.0,0
2025-09-28,7.1,8.0,0
2025-09-29,7.1,9.0,0
2025-09-30,10.7,15.0,0
2025-10-01,7.2,10.0,0
2025-10-02,1.2,5.0,0
2025-10-03,7.3,11.0,0
2025-10-04,37.7,16.0,0
2025-10-05,1.2,4.0,0
2025-10-06,19.3,17.0,0
2025-10-07,2.2,3.0,0
2025-10-08,3.9,5.0,0
2025-10-09,0.8,1.0,0
2025-10-10,0.7,3.0,0
2025-10-11,0.5,4.0,0
2025-10-12,1.5,4.0,0
2025-10-13,14.9,13.0,0
2025-10-14,7.1,6.0,0
2025-10-15,0.5,4.0,0
2025-10-16,1.6,9.0,0
2025-10-17,0.8,6.0,0
2025-10-18,12.7,13.0,0
2025-10-19,7.3,10.0,0
2025-10-20,4.9,15.0,0
2025-10-21,4.2,10.0,0
2025-10-22,11.8,15.0,0
2025-10-23,6.3,11.0,0
2025-10-24,20.3,11.0,0
2025-10-25,23.1,11.0,0
2025-10-26,56.4,21.0,0
2025-10-27,13.0,14.0,0
2025-10-28,9.9,13.0,0
2025-10-29,7.0,9.0,0
2025-10-30,5.0,9.0,0
2025-10-31,0.8,5.0,0
2025-11-01,0.0,0.0,0
2025-11-02,3.7,10.0,0
2025-11-03,7.8,7.0,0
2025-11-04,8.1,6.0,0
2025-11-05,12.7,9.0,0
2025-11-06,20.9,13.0,0
2025-11-07,2.7,8.0,0
2025-11-08,6.6,5.0,0
2025-11-09,20.8,12.0,0
2025-11-10,1.2,2.0,0
2025-11-11,8.9,11.0,0
2025-11-12,12.1,13.0,0
2025-11-13,8.9,6.0,0
2025-11-14,12.6,8.0,0
2025-11-15,2.9,12.0,0
2025-11-16,12.0,15.0,0
2025-11-17,5.9,4.0,0
2025-11-18,10.8,15.0,0
2025-11-19,8.2,18.0,0
2025-11-20,4.5,9.0,0
2025-11-21,5.7,8.0,0
2025-11-22,13.4,13.0,0
2025-11-23,8.7,9.0,0
2025-11-24,24.9,16.0,0
2025-11-25,0.4,4.0,0
2025-11-26,5.5,6.0,0
2025-11-27,7.1,11.0,0
2025-11-28,8.8,6.0,0
2025-11-29,15.1,17.0,0
2025-11-30,6.6,11.0,0
2025-12-01,15.8,16.0,0
