timestamp,temperature_2m,relative_humidity_2m,precipitation,rain,weather_code,surface_pressure,wind_speed_10m
2026-10-02 00:00:00+08:00,25.85,89.014275,0.0,0.0,0.0,1011.1344,5.0528407
2026-10-02 01:00:00+08:00,25.55,91.15852,0.0,0.0,0.0,1010.63354,4.0249224
2026-10-02 02:00:00+08:00,25.55,92.536514,0.0,0.0,0.0,1010.53375,2.0124612
2026-10-02 03:00:00+08:00,25.1,93.63131,0.0,0.0,0.0,1010.4307,2.6999998
2026-10-02 04:00:00+08:00,24.8,95.03585,0.0,0.0,0.0,1010.2293,3.7064266
2026-10-02 05:00:00+08:00,24.65,95.60361,0.0,0.0,0.0,1010.3281,4.198285
2026-10-02 06:00:00+08:00,24.5,96.46518,0.0,0.0,0.0,1010.72644,3.9844694
2026-10-02 07:00:00+08:00,26.2,90.65555,0.0,0.0,0.0,1011.53595,5.5829024
2026-10-02 08:00:00+08:00,28.5,80.900314,0.0,0.0,0.0,1012.2495,9.087772
2026-10-02 09:00:00+08:00,30.2,68.45375,0.0,0.0,0.0,1012.4602,10.51576
2026-10-02 10:00:00+08:00,31.7,57.735203,0.0,0.0,0.0,1012.2701,9.47012
2026-10-02 11:00:00+08:00,32.8,52.62676,0.0,0.0,0.0,1011.3788,8.197414
2026-10-02 12:00:00+08:00,33.5,49.527122,0.0,0.0,1.0,1010.0857,8.707238
2026-10-02 13:00:00+08:00,33.6,50.46946,0.0,0.0,0.0,1009.0882,9.901636
2026-10-02 14:00:00+08:00,33.0,54.634457,0.1,0.1,51.0,1008.2859,9.0645685
2026-10-02 15:00:00+08:00,32.2,58.734615,0.6,0.3,53.0,1007.68195,9.919618
2026-10-02 16:00:00+08:00,31.0,64.80355,0.7,0.5,53.0,1007.4748,13.558673
2026-10-02 17:00:00+08:00,30.6,65.50657,0.0,0.0,0.0,1007.6719,11.832176
2026-10-02 18:00:00+08:00,29.3,70.37634,0.0,0.0,0.0,1008.2626,10.765445
2026-10-02 19:00:00+08:00,28.35,75.48939,0.0,0.0,0.0,1009.25433,11.213581
2026-10-02 20:00:00+08:00,28.3,78.48988,0.0,0.0,0.0,1010.15216,9.473541
2026-10-02 21:00:00+08:00,27.55,83.487755,0.0,0.0,0.0,1010.946,7.2403865
2026-10-02 22:00:00+08:00,27.0,87.783676,0.0,0.0,0.0,1011.84076,5.2478566
2026-10-02 23:00:00+08:00,26.65,90.68534,0.0,0.0,2.0,1012.0381,4.6277857
2026-10-03 00:00:00+08:00,26.35,92.85543,0.0,0.0,2.0,1011.63666,4.913044
2026-10-03 01:00:00+08:00,26.25,93.683914,0.0,0.0,3.0,1010.73785,6.7469993
2026-10-03 02:00:00+08:00,26.5,91.76353,0.0,0.0,3.0,1010.44,6.206738
2026-10-03 03:00:00+08:00,26.05,94.235,0.0,0.0,2.0,1010.13763,6.162207
2026-10-03 04:00:00+08:00,25.85,95.07362,0.0,0.0,2.0,1010.13635,5.4477882
2026-10-03 05:00:00+08:00,25.85,94.79058,0.0,0.0,3.0,1010.6354,6.698806
2026-10-03 06:00:00+08:00,25.75,91.9946,0.0,0.0,3.0,1011.33344,7.256032
2026-10-03 07:00:00+08:00,26.9,86.472466,0.0,0.0,3.0,1012.1394,7.3821945
2026-10-03 08:00:00+08:00,28.6,76.21282,0.0,0.0,3.0,1012.84894,12.703715
2026-10-03 09:00:00+08:00,30.1,67.61453,0.0,0.0,3.0,1012.8588,12.783802
2026-10-03 10:00:00+08:00,31.2,60.860508,0.0,0.0,3.0,1012.5664,11.968308
2026-10-03 11:00:00+08:00,32.2,56.981922,0.1,0.1,51.0,1011.6743,11.726277
2026-10-03 12:00:00+08:00,32.55,55.5285,0.1,0.1,51.0,1010.57874,11.230904
2026-10-03 13:00:00+08:00,32.95,54.126877,0.2,0.1,51.0,1009.5831,10.662626
2026-10-03 14:00:00+08:00,33.15,53.197536,0.1,0.1,51.0,1008.68604,10.9859
2026-10-03 15:00:00+08:00,32.2,56.80919,0.3,0.0,51.0,1007.8816,11.989945
2026-10-03 16:00:00+08:00,30.95,63.630802,1.2,0.50000006,55.0,1007.5742,14.408997
2026-10-03 17:00:00+08:00,30.25,66.030815,0.1,0.1,51.0,1007.9692,13.202726
2026-10-03 18:00:00+08:00,29.0,69.896866,0.0,0.0,3.0,1008.7597,12.221456
2026-10-03 19:00:00+08:00,28.15,75.003685,0.0,0.0,3.0,1009.5524,8.849339
2026-10-03 20:00:00+08:00,28.45,73.48367,0.0,0.0,3.0,1010.3528,9.605998
2026-10-03 21:00:00+08:00,27.95,77.2688,0.0,0.0,3.0,1011.2479,7.256032
2026-10-03 22:00:00+08:00,27.4,82.22887,0.0,0.0,3.0,1011.6436,6.849467
2026-10-03 23:00:00+08:00,26.95,85.70389,0.0,0.0,3.0,1011.1417,6.6818557
2026-10-04 00:00:00+08:00,26.7,87.49587,0.0,0.0,3.0,1010.4416,5.7852573
2026-10-04 01:00:00+08:00,26.3,89.316124,0.0,0.0,3.0,1010.0394,5.5829024
2026-10-04 02:00:00+08:00,26.2,92.84774,0.0,0.0,3.0,1009.8392,3.244996
2026-10-04 03:00:00+08:00,25.75,93.38156,0.0,0.0,3.0,1009.7365,3.438895
2026-10-04 04:00:00+08:00,25.6,93.93485,0.0,0.0,3.0,1010.035,2.4149535
2026-10-04 05:00:00+08:00,25.55,93.93271,0.0,0.0,3.0,1010.63354,1.2979984
2026-10-04 06:00:00+08:00,25.4,95.05747,0.0,0.0,3.0,1011.23145,2.226477
2026-10-04 07:00:00+08:00,26.55,88.27243,0.0,0.0,3.0,1011.6379,4.503598
2026-10-04 08:00:00+08:00,28.4,77.80098,0.0,0.0,3.0,1012.4484,8.766573
2026-10-04 09:00:00+08:00,30.15,66.81314,0.0,0.0,3.0,1012.55963,8.36758
2026-10-04 10:00:00+08:00,31.6,58.0639,0.0,0.0,3.0,1012.0699,7.42159
2026-10-04 11:00:00+08:00,32.5,53.360947,0.0,0.0,3.0,1011.1772,6.854195
2026-10-04 12:00:00+08:00,33.05,50.79347,0.0,0.0,3.0,1009.8832,6.037383
2026-10-04 13:00:00+08:00,33.55,48.488983,0.0,0.0,3.0,1008.7884,6.1858225
2026-10-04 14:00:00+08:00,33.95,47.708225,0.0,0.0,3.0,1007.9922,8.431228
2026-10-04 15:00:00+08:00,32.95,50.76797,0.0,0.0,3.0,1007.3873,11.542478
2026-10-04 16:00:00+08:00,31.95,55.21451,0.1,0.1,51.0,1007.18134,11.788281
2026-10-04 17:00:00+08:00,31.2,58.147266,0.0,0.0,1.0,1006.9771,10.209348
2026-10-04 18:00:00+08:00,29.55,61.990383,0.0,0.0,2.0,1007.76514,13.615902
2026-10-04 19:00:00+08:00,28.1,74.76944,0.0,0.0,3.0,1008.7537,12.616703
2026-10-04 20:00:00+08:00,28.2,78.94802,0.0,0.0,3.0,1009.8522,11.793777
2026-10-04 21:00:00+08:00,27.75,81.29075,0.0,0.0,2.0,1010.4482,7.555712
2026-10-04 22:00:00+08:00,27.3,83.96143,0.0,0.0,3.0,1010.94446,5.0528407
2026-10-04 23:00:00+08:00,27.05,84.186325,0.0,0.0,3.0,1010.94275,5.5799994
2026-10-05 00:00:00+08:00,26.85,84.92637,0.0,0.0,3.0,1010.6421,6.3231
2026-10-05 01:00:00+08:00,26.75,85.42745,0.0,0.0,3.0,1009.9429,7.562142
2026-10-05 02:00:00+08:00,26.9,83.66585,0.0,0.0,3.0,1009.6443,10.801499
2026-10-05 03:00:00+08:00,26.7,84.91084,0.0,0.0,3.0,1009.4435,9.906544
2026-10-05 04:00:00+08:00,26.6,85.66938,0.0,0.0,3.0,1009.4429,9.901636
2026-10-05 05:00:00+08:00,26.4,86.425575,0.0,0.0,3.0,1009.6408,9.9408245
2026-10-05 06:00:00+08:00,26.3,86.156654,0.0,0.0,3.0,1010.1392,10.08
2026-10-05 07:00:00+08:00,27.45,80.040474,0.0,0.0,3.0,1010.74567,12.421304
2026-10-05 08:00:00+08:00,29.1,72.71267,0.0,0.0,2.0,1011.8544,14.275713
2026-10-05 09:00:00+08:00,30.65,63.95271,0.0,0.0,2.0,1011.8642,14.205182
2026-10-05 10:00:00+08:00,31.65,58.075596,0.1,0.1,51.0,1011.47125,13.910169
2026-10-05 11:00:00+08:00,32.45,54.500053,0.1,0.1,51.0,1010.578,13.979871
2026-10-05 12:00:00+08:00,32.4,56.51286,0.3,0.20000002,51.0,1009.57965,14.113653
2026-10-05 13:00:00+08:00,33.35,53.57134,0.1,0.1,51.0,1007.9887,14.4415655
2026-10-05 14:00:00+08:00,33.0,52.99867,1.8,0.5,80.0,1007.58716,15.073858
2026-10-05 15:00:00+08:00,32.65,51.949837,0.0,0.0,3.0,1006.6867,13.822546
2026-10-05 16:00:00+08:00,30.7,63.19373,0.8,0.6,53.0,1006.6744,17.83454
2026-10-05 17:00:00+08:00,30.35,63.695618,0.0,0.0,3.0,1006.9717,13.737904
2026-10-05 18:00:00+08:00,29.0,71.39183,0.0,0.0,3.0,1007.76166,8.849339
2026-10-05 19:00:00+08:00,27.95,79.38876,0.0,0.0,3.0,1009.0522,4.896529
2026-10-05 20:00:00+08:00,28.05,78.2191,0.0,0.0,3.0,1009.5518,5.4119864
2026-10-05 21:00:00+08:00,27.35,81.976326,0.0,0.0,3.0,1010.4457,3.362677
2026-10-05 22:00:00+08:00,26.85,85.18157,0.0,0.0,2.0,1011.1411,2.97953
2026-10-05 23:00:00+08:00,26.3,88.78261,0.0,0.0,2.0,1011.2371,2.9301877
2026-10-06 00:00:00+08:00,25.8,91.72235,0.0,0.0,0.0,1010.9346,3.2399998
2026-10-06 01:00:00+08:00,25.35,93.92388,0.0,0.0,1.0,1010.23303,3.8183763
2026-10-06 02:00:00+08:00,25.05,93.62903,0.0,0.0,1.0,1009.8316,4.445672
2026-10-06 03:00:00+08:00,24.65,94.46023,0.0,0.0,3.0,1009.8291,4.5891175
2026-10-06 04:00:00+08:00,24.35,95.88228,0.0,0.0,3.0,1010.1266,4.1046314
2026-10-06 05:00:00+08:00,24.35,95.88228,0.0,0.0,3.0,1010.5258,4.913044
2026-10-06 06:00:00+08:00,24.4,95.595566,0.0,0.0,3.0,1010.7257,6.6794305
2026-10-06 07:00:00+08:00,25.85,90.36088,0.0,0.0,3.0,1011.83307,5.3517847
2026-10-06 08:00:00+08:00,28.0,82.30046,0.0,0.0,3.0,1012.44586,9.224011
2026-10-06 09:00:00+08:00,29.75,71.31103,0.0,0.0,3.0,1012.45734,12.399113
2026-10-06 10:00:00+08:00,31.1,63.470924,0.0,0.0,3.0,1011.96686,13.698934
2026-10-06 11:00:00+08:00,31.9,59.200768,0.0,0.0,3.0,1010.87396,14.440443
2026-10-06 12:00:00+08:00,32.35,55.81862,0.0,0.0,3.0,1009.8787,15.351793
2026-10-06 13:00:00+08:00,32.75,53.098175,0.0,0.0,3.0,1008.58374,17.284687
2026-10-06 14:00:00+08:00,32.8,54.75174,0.0,0.0,3.0,1007.586,19.091883
2026-10-06 15:00:00+08:00,32.25,55.96447,0.0,0.0,1.0,1007.08344,18.557467
2026-10-06 16:00:00+08:00,31.45,58.028797,0.0,0.0,1.0,1007.2781,18.533009
2026-10-06 17:00:00+08:00,30.4,61.61249,0.0,0.0,3.0,1007.67053,17.235882
2026-10-06 18:00:00+08:00,29.05,68.85546,0.0,0.0,3.0,1008.85974,11.276968
2026-10-06 19:00:00+08:00,28.05,76.12806,0.0,0.0,3.0,1009.7514,10.390226
2026-10-06 20:00:00+08:00,27.55,76.97641,0.0,0.0,3.0,1010.8462,8.936778
2026-10-06 21:00:00+08:00,26.75,82.15079,0.0,0.0,3.0,1011.44,6.849467
2026-10-06 22:00:00+08:00,25.9,87.42597,0.0,0.0,3.0,1011.9332,5.5799994
2026-10-06 23:00:00+08:00,25.5,89.7949,0.0,0.0,3.0,1011.9307,4.353619
2026-10-07 00:00:00+08:00,25.35,90.59899,0.0,0.0,3.0,1011.7301,5.223103
2026-10-07 01:00:00+08:00,25.2,91.68675,0.0,0.0,3.0,1010.9307,6.28713
2026-10-07 02:00:00+08:00,25.15,92.51503,0.0,0.0,3.0,1010.7305,5.318383
2026-10-07 03:00:00+08:00,24.8,94.18256,0.0,0.0,3.0,1010.72833,5.00128
2026-10-07 04:00:00+08:00,24.75,95.034004,0.0,0.0,3.0,1010.6281,5.9834766
2026-10-07 05:00:00+08:00,24.8,95.32178,0.0,0.0,3.0,1010.52875,6.601363
2026-10-07 06:00:00+08:00,24.9,95.61166,0.0,0.0,3.0,1010.9286,6.5024605
2026-10-07 07:00:00+08:00,26.3,90.66221,0.0,0.0,3.0,1011.73615,4.6730714
2026-10-07 08:00:00+08:00,28.7,78.546234,0.0,0.0,3.0,1012.5505,9.114471
2026-10-07 09:00:00+08:00,30.25,69.91826,0.0,0.0,3.0,1012.4606,10.182337
2026-10-07 10:00:00+08:00,31.8,61.36373,0.0,0.0,3.0,1012.07104,9.761578
2026-10-07 11:00:00+08:00,32.9,53.950325,0.0,0.0,3.0,1011.2796,8.759178
2026-10-07 12:00:00+08:00,33.5,51.063393,0.0,0.0,3.0,1010.0857,8.885877
2026-10-07 13:00:00+08:00,33.2,50.676464,0.1,0.1,51.0,1008.9859,10.837435
2026-10-07 14:00:00+08:00,33.0,51.405952,0.1,0.1,51.0,1008.58527,13.184308
2026-10-07 15:00:00+08:00,32.1,54.747604,0.0,0.0,2.0,1007.98083,15.451717
2026-10-07 16:00:00+08:00,31.6,60.034847,0.0,0.0,2.0,1007.6782,15.94804
2026-10-07 17:00:00+08:00,30.3,65.44495,0.0,0.0,2.0,1007.9694,16.412603
2026-10-07 18:00:00+08:00,28.75,71.77987,0.0,0.0,3.0,1009.05756,13.926464
2026-10-07 19:00:00+08:00,27.75,78.17618,0.0,0.0,3.0,1010.1487,10.385547
2026-10-07 20:00:00+08:00,27.95,79.15075,0.0,0.0,3.0,1010.4495,9.96524
2026-10-07 21:00:00+08:00,27.3,82.96061,0.0,0.0,2.0,1011.4435,7.79215
2026-10-07 22:00:00+08:00,26.75,86.45839,0.0,0.0,0.0,1011.8392,6.1858225
2026-10-07 23:00:00+08:00,26.3,89.583954,0.0,0.0,2.0,1011.43677,6.2999997
2026-10-08 00:00:00+08:00,26.05,91.463135,0.0,0.0,3.0,1011.23553,5.7599998
2026-10-08 01:00:00+08:00,26.05,92.840034,0.0,0.0,3.0,1010.63666,5.020677
2026-10-08 02:00:00+08:00,26.0,92.56054,0.0,0.0,3.0,1010.13727,7.2805495
2026-10-08 03:00:00+08:00,25.7,92.822014,0.0,0.0,3.0,1009.83606,7.0568266
2026-10-08 04:00:00+08:00,25.65,92.54187,0.0,0.0,2.0,1009.8357,6.6697226
2026-10-08 05:00:00+08:00,25.45,93.36721,0.0,0.0,2.0,1010.23364,5.2478566
2026-10-08 06:00:00+08:00,25.2,95.05029,0.0,0.0,3.0,1010.9307,5.297018
2026-10-08 07:00:00+08:00,26.65,87.75389,0.0,0.0,3.0,1011.53906,6.8138976
2026-10-08 08:00:00+08:00,28.95,75.357445,0.0,0.0,2.0,1011.95325,12.620554
2026-10-08 09:00:00+08:00,30.7,62.62189,0.0,0.0,2.0,1012.26373,12.882267
2026-10-08 10:00:00+08:00,32.1,54.24827,0.0,0.0,1.0,1011.67377,12.007498
2026-10-08 11:00:00+08:00,33.0,49.39824,0.0,0.0,1.0,1010.9808,10.950452
2026-10-08 12:00:00+08:00,33.65,46.328793,0.1,0.1,51.0,1009.887,10.548061
2026-10-08 13:00:00+08:00,33.7,46.199387,0.1,0.1,51.0,1008.5897,11.276968
2026-10-08 14:00:00+08:00,32.75,52.134182,0.3,0.3,51.0,1007.7853,16.520823
2026-10-08 15:00:00+08:00,31.65,57.024796,0.0,0.0,1.0,1007.379,17.227419
2026-10-08 16:00:00+08:00,31.25,57.805393,0.0,0.0,0.0,1007.1769,15.287288
2026-10-08 17:00:00+08:00,30.1,61.358364,0.0,0.0,1.0,1007.06995,17.399586
2026-10-08 18:00:00+08:00,28.65,68.56999,0.0,0.0,3.0,1007.95874,13.929953
2026-10-08 19:00:00+08:00,28.2,72.77744,0.0,0.0,3.0,1008.9539,11.681987
2026-10-08 20:00:00+08:00,27.55,75.59141,0.0,0.0,3.0,1009.8481,8.225035
2026-10-08 21:00:00+08:00,27.15,78.801735,0.0,0.0,3.0,1010.54425,6.452441
2026-10-08 22:00:00+08:00,26.85,80.68888,0.0,0.0,3.0,1010.84174,7.2044983
2026-10-08 23:00:00+08:00,26.45,84.12137,0.0,0.0,2.0,1010.8388,5.7599998
2026-10-09 00:00:00+08:00,26.15,87.974976,0.0,0.0,2.0,1010.43774,6.4624763
2026-10-09 01:00:00+08:00,25.95,88.75499,0.0,0.0,0.0,1009.5382,7.814986
2026-10-09 02:00:00+08:00,25.75,90.35403,0.0,0.0,0.0,1008.9381,7.486788
2026-10-09 03:00:00+08:00,25.6,90.88832,0.0,0.0,0.0,1008.8373,6.4323244
2026-10-09 04:00:00+08:00,25.35,93.0828,0.0,0.0,0.0,1008.6361,4.8466477
2026-10-09 05:00:00+08:00,25.3,93.640526,0.0,0.0,0.0,1008.93536,5.00128
2026-10-09 06:00:00+08:00,25.15,94.197334,0.0,0.0,0.0,1009.6326,3.319036
2026-10-09 07:00:00+08:00,26.5,86.6948,0.0,0.0,0.0,1010.24036,5.3457265
2026-10-09 08:00:00+08:00,28.2,77.07366,0.1,0.0,51.0,1010.7505,8.827344
2026-10-09 09:00:00+08:00,29.65,68.761925,0.1,0.0,51.0,1010.75995,8.39078
2026-10-09 10:00:00+08:00,31.15,61.219395,0.1,0.1,51.0,1010.47003,7.689603
2026-10-09 11:00:00+08:00,32.05,57.99293,0.2,0.1,51.0,1009.6772,7.8480825
2026-10-09 12:00:00+08:00,32.75,56.425194,0.1,0.0,51.0,1008.48395,7.968939
2026-10-09 13:00:00+08:00,32.9,55.276875,0.0,0.0,3.0,1007.0875,8.6867485
2026-10-09 14:00:00+08:00,30.75,65.73512,0.8,0.100000024,53.0,1005.97614,13.31635
2026-10-09 15:00:00+08:00,30.55,66.29122,0.5,0.5,53.0,1005.57556,11.609651
2026-10-09 16:00:00+08:00,31.0,63.641438,0.2,0.2,51.0,1005.279,9.044888
2026-10-09 17:00:00+08:00,28.8,75.10776,1.2,0.50000006,55.0,1005.6643,11.052058
2026-10-09 18:00:00+08:00,28.1,77.058754,0.2,0.2,51.0,1006.1587,11.334285
2026-10-09 19:00:00+08:00,27.55,79.09561,0.0,0.0,3.0,1007.3529,7.256032
2026-10-09 20:00:00+08:00,27.3,81.72429,0.0,0.0,3.0,1008.4493,5.7204895
2026-10-09 21:00:00+08:00,26.95,84.42859,0.0,0.0,3.0,1009.04584,6.452441
2026-10-09 22:00:00+08:00,26.6,87.74957,0.0,0.0,3.0,1009.4429,4.5572357
2026-10-09 23:00:00+08:00,26.4,89.85962,0.0,0.0,3.0,1009.1417,5.9644947
2026-10-10 00:00:00+08:00,26.1,90.37792,0.0,0.0,3.0,1008.44135,5.8104043
2026-10-10 01:00:00+08:00,25.9,91.454,0.0,0.0,2.0,1007.44196,7.519175
2026-10-10 02:00:00+08:00,25.65,93.097755,0.0,0.0,3.0,1006.9414,7.256032
2026-10-10 03:00:00+08:00,25.55,93.37201,0.0,0.0,3.0,1006.6413,7.9220443
2026-10-10 04:00:00+08:00,25.5,93.9305,0.0,0.0,3.0,1007.0402,6.4323244
2026-10-10 05:00:00+08:00,25.4,94.20783,0.1,0.1,51.0,1007.43884,5.634891
2026-10-10 06:00:00+08:00,25.3,95.33881,0.2,0.1,51.0,1008.2367,6.5223618
2026-10-10 07:00:00+08:00,26.0,91.73411,0.3,0.3,51.0,1009.1392,4.4565907
2026-10-10 08:00:00+08:00,27.0,89.10267,0.7,0.29999998,53.0,1010.14404,4.353619
2026-10-10 09:00:00+08:00,28.55,79.9466,0.2,0.1,51.0,1009.95416,9.165871
2026-10-10 10:00:00+08:00,30.95,66.771706,0.0,0.0,3.0,1009.47064,7.229191
2026-10-10 11:00:00+08:00,32.0,59.944107,0.1,0.1,51.0,1008.3794,9.165871
2026-10-10 12:00:00+08:00,30.25,67.23745,0.5,0.3,53.0,1007.66974,10.132897
2026-10-10 13:00:00+08:00,27.95,78.44036,1.7,0.6,80.0,1007.1558,11.225132
2026-10-10 14:00:00+08:00,28.05,78.45454,2.2,0.9000001,80.0,1006.358,3.189608
2026-10-10 15:00:00+08:00,29.25,71.22148,0.3,0.20000002,51.0,1005.767,5.4744864
2026-10-10 16:00:00+08:00,29.1,72.276054,0.1,0.1,51.0,1005.3668,7.7420926
2026-10-10 17:00:00+08:00,28.9,72.24117,0.0,0.0,1.0,1005.46533,6.778141
2026-10-10 18:00:00+08:00,28.0,77.97708,0.0,0.0,2.0,1006.2578,4.175069
2026-10-10 19:00:00+08:00,27.4,82.72373,0.0,0.0,3.0,1007.3519,3.0811036
2026-10-10 20:00:00+08:00,27.15,84.19712,0.0,0.0,3.0,1008.34845,2.8856194
2026-10-10 21:00:00+08:00,26.8,86.20442,0.0,0.0,3.0,1009.04486,2.8856194
2026-10-10 22:00:00+08:00,26.45,88.52893,0.0,0.0,3.0,1009.6411,3.62243
2026-10-10 23:00:00+08:00,26.05,90.917435,0.0,0.0,1.0,1009.5388,3.693291
2026-10-11 00:00:00+08:00,25.65,94.21831,0.0,0.0,1.0,1009.0373,4.952453
2026-10-11 01:00:00+08:00,25.25,97.06288,0.0,0.0,1.0,1008.1365,3.6447225
2026-10-11 02:00:00+08:00,24.95,97.931404,0.0,0.0,2.0,1007.4356,5.7964473
2026-10-11 03:00:00+08:00,24.75,97.6355,0.0,0.0,3.0,1007.2348,5.983477
2026-10-11 04:00:00+08:00,24.45,97.04553,0.0,0.0,3.0,1007.83167,3.9844694
2026-10-11 05:00:00+08:00,24.3,97.04227,0.0,0.0,3.0,1008.52936,3.5455887
2026-10-11 06:00:00+08:00,24.55,96.46652,0.0,0.0,2.0,1009.12976,3.4623692
2026-10-11 07:00:00+08:00,25.8,91.174255,0.0,0.0,1.0,1009.9365,4.7521367
2026-10-11 08:00:00+08:00,27.6,81.51618,0.0,0.0,3.0,1010.4472,5.6521144
2026-10-11 09:00:00+08:00,29.2,72.076126,0.0,0.0,3.0,1010.55743,8.131936
2026-10-11 10:00:00+08:00,30.45,64.10417,0.0,0.0,3.0,1010.266,6.601363
2026-10-11 11:00:00+08:00,31.75,59.166294,0.0,0.0,3.0,1009.2762,5.6920996
2026-10-11 12:00:00+08:00,32.75,55.408424,0.0,0.0,3.0,1008.18445,4.1046314
2026-10-11 13:00:00+08:00,33.3,52.272247,0.0,0.0,3.0,1007.09,4.5891175
2026-10-11 14:00:00+08:00,33.5,49.678898,0.0,0.0,3.0,1006.09326,6.9899354
2026-10-11 15:00:00+08:00,33.1,51.746346,0.0,0.0,3.0,1005.5917,10.538843
2026-10-11 16:00:00+08:00,32.0,56.41734,0.0,0.0,2.0,1005.485,13.004921
2026-10-11 17:00:00+08:00,30.6,61.844437,0.0,0.0,1.0,1006.07495,13.934604
2026-10-11 18:00:00+08:00,28.65,70.25667,0.0,0.0,2.0,1007.2601,11.555102
2026-10-11 19:00:00+08:00,27.5,78.140335,0.0,0.0,3.0,1008.0512,8.6867485
2026-10-11 20:00:00+08:00,26.8,83.9067,0.0,0.0,3.0,1009.04486,7.386582
2026-10-11 21:00:00+08:00,26.1,89.033585,0.0,0.0,3.0,1009.9384,4.7110505
2026-10-11 22:00:00+08:00,25.75,91.71935,0.0,0.0,3.0,1010.535,1.0495713
2026-10-11 23:00:00+08:00,25.45,94.49231,0.0,0.0,3.0,1010.533,0.6489992
2026-10-12 00:00:00+08:00,25.1,94.76211,0.0,0.0,3.0,1009.7321,2.3051248
2026-10-12 01:00:00+08:00,24.8,95.895874,0.0,0.0,3.0,1009.23126,4.143911
2026-10-12 02:00:00+08:00,24.5,96.46518,0.0,0.0,3.0,1009.0297,4.5891175
2026-10-12 03:00:00+08:00,24.3,97.04227,0.0,0.0,3.0,1008.9286,4.1125174
2026-10-12 04:00:00+08:00,24.3,97.04227,0.0,0.0,3.0,1009.1282,4.471107
2026-10-12 05:00:00+08:00,24.55,96.75676,0.0,0.0,3.0,1009.82837,5.0975285
2026-10-12 06:00:00+08:00,24.5,97.338455,0.0,0.0,3.0,1010.427,3.9640884
2026-10-12 07:00:00+08:00,25.75,93.102684,0.0,0.0,3.0,1011.1338,3.1845248
2026-10-12 08:00:00+08:00,27.8,81.785545,0.0,0.0,3.0,1011.6462,6.2145634
2026-10-12 09:00:00+08:00,29.2,74.72228,0.1,0.1,51.0,1011.65533,6.2145634
2026-10-12 10:00:00+08:00,30.75,67.13417,0.1,0.1,51.0,1011.3658,6.945761
2026-10-12 11:00:00+08:00,31.95,61.954002,0.1,0.1,51.0,1010.77454,7.653705
2026-10-12 12:00:00+08:00,32.75,59.038906,0.0,0.0,3.0,1009.7815,7.2403865
2026-10-12 13:00:00+08:00,33.3,57.069645,0.0,0.0,2.0,1008.5872,6.489992
2026-10-12 14:00:00+08:00,33.35,56.90984,0.0,0.0,2.0,1007.5895,6.9550843
2026-10-12 15:00:00+08:00,32.8,58.51942,0.3,0.20000002,51.0,1006.9871,9.172938
2026-10-12 16:00:00+08:00,31.75,61.910137,0.3,0.20000002,51.0,1006.6811,12.10157
2026-10-12 17:00:00+08:00,30.7,65.5271,0.3,0.20000002,51.0,1006.874,13.766176
2026-10-12 18:00:00+08:00,29.6,69.58742,0.0,0.0,1.0,1007.7654,12.74954
2026-10-12 19:00:00+08:00,28.45,74.15216,0.0,0.0,1.0,1009.1551,10.484903
2026-10-12 20:00:00+08:00,27.55,78.620316,0.0,0.0,1.0,1010.3471,8.297589
2026-10-12 21:00:00+08:00,27.0,82.67692,0.0,0.0,1.0,1011.0423,6.7469993
2026-10-12 22:00:00+08:00,26.65,86.44905,0.0,0.0,0.0,1011.4393,5.1165614
2026-10-12 23:00:00+08:00,26.4,89.32366,0.0,0.0,1.0,1011.5371,3.9966483
2026-10-13 00:00:00+08:00,26.15,90.92385,0.0,0.0,1.0,1011.1363,3.4388947
2026-10-13 01:00:00+08:00,25.95,91.731186,0.0,0.0,2.0,1010.3367,3.4623692
2026-10-13 02:00:00+08:00,25.75,92.547195,0.0,0.0,3.0,1009.8363,3.671294
2026-10-13 03:00:00+08:00,25.45,93.92827,0.0,0.0,3.0,1009.7346,3.6402748
2026-10-13 04:00:00+08:00,25.15,95.33372,0.0,0.0,3.0,1009.8322,4.1085763
2026-10-13 05:00:00+08:00,25.15,94.76404,0.0,0.0,3.0,1010.13165,4.198285
2026-10-13 06:00:00+08:00,25.5,92.25666,0.1,0.1,51.0,1010.8328,3.7842832
2026-10-13 07:00:00+08:00,26.1,88.23542,0.1,0.1,51.0,1011.7349,5.004518
2026-10-13 08:00:00+08:00,27.05,83.18135,0.1,0.1,51.0,1012.24023,6.6624317
2026-10-13 09:00:00+08:00,28.75,75.55241,0.0,0.0,2.0,1012.0518,6.7565966
2026-10-13 10:00:00+08:00,30.7,67.731926,0.0,0.0,2.0,1011.4653,6.384293
2026-10-13 11:00:00+08:00,31.85,63.82185,0.0,0.0,2.0,1010.7739,5.48631
2026-10-13 12:00:00+08:00,31.25,66.23322,0.2,0.1,51.0,1009.9716,7.2044983
2026-10-13 13:00:00+08:00,29.75,72.60627,0.2,0.1,51.0,1008.96405,13.752047
2026-10-13 14:00:00+08:00,28.8,76.4725,0.2,0.1,51.0,1008.15955,17.47484
2026-10-13 15:00:00+08:00,29.15,73.822655,0.2,0.2,51.0,1007.563,14.330079
2026-10-13 16:00:00+08:00,30.0,69.03627,0.2,0.2,51.0,1007.169,9.187056
2026-10-13 17:00:00+08:00,30.35,67.05486,0.2,0.2,51.0,1007.17126,8.320986
2026-10-13 18:00:00+08:00,29.6,70.85665,0.0,0.0,2.0,1007.7654,8.43699
2026-10-13 19:00:00+08:00,28.35,77.79372,0.0,0.0,2.0,1008.85504,7.5685663
2026-10-13 20:00:00+08:00,27.35,84.218636,0.0,0.0,3.0,1009.747,6.66
2026-10-13 21:00:00+08:00,26.85,88.296974,0.0,0.0,3.0,1010.4425,5.5216303
2026-10-13 22:00:00+08:00,26.55,91.22121,0.0,0.0,3.0,1011.03906,4.1085763
2026-10-13 23:00:00+08:00,26.3,93.68624,0.0,0.0,3.0,1011.2371,2.9301877
2026-10-14 00:00:00+08:00,26.1,95.08255,0.0,0.0,3.0,1010.8367,2.0523157
2026-10-14 01:00:00+08:00,26.0,95.078964,0.0,0.0,3.0,1010.13727,1.1525624
2026-10-14 02:00:00+08:00,25.85,95.64197,0.0,0.0,3.0,1009.53754,0.17999999
2026-10-14 03:00:00+08:00,25.5,97.648544,0.0,0.0,3.0,1009.33575,2.4149535
2026-10-14 04:00:00+08:00,25.15,99.702644,0.0,0.0,3.0,1009.2334,4.913044
2026-10-14 05:00:00+08:00,25.15,99.40599,0.0,0.0,2.0,1009.43304,6.439876
2026-10-14 06:00:00+08:00,25.75,95.07002,0.0,0.0,2.0,1009.93616,5.9834766
2026-10-14 07:00:00+08:00,26.7,88.81402,0.0,0.0,1.0,1010.74097,4.7657523
2026-10-14 08:00:00+08:00,27.85,81.54711,0.0,0.0,1.0,1011.1474,3.604497
2026-10-14 09:00:00+08:00,29.35,72.10239,0.1,0.1,51.0,1010.9577,2.8856194
2026-10-14 10:00:00+08:00,31.0,62.8769,0.1,0.1,51.0,1010.4691,2.34
2026-10-14 11:00:00+08:00,31.95,58.322243,0.1,0.1,51.0,1009.7764,1.6981165
2026-10-14 12:00:00+08:00,31.55,60.93879,0.6,0.5,53.0,1008.97546,4.32
2026-10-14 13:00:00+08:00,30.4,67.87721,0.6,0.5,53.0,1008.0698,8.967541
2026-10-14 14:00:00+08:00,29.55,73.66805,0.6,0.5,53.0,1007.36584,12.358542
2026-10-14 15:00:00+08:00,28.4,76.641556,0.2,0.2,51.0,1007.3582,13.062098
2026-10-14 16:00:00+08:00,28.25,77.77921,0.2,0.2,51.0,1007.557,12.140329
2026-10-14 17:00:00+08:00,28.05,79.16451,0.2,0.2,51.0,1007.85504,10.597094
2026-10-14 18:00:00+08:00,27.8,80.81106,0.2,0.2,51.0,1008.25275,9.096681
2026-10-14 19:00:00+08:00,27.55,82.49368,0.2,0.2,51.0,1008.5506,7.538541
2026-10-14 20:00:00+08:00,27.3,83.96143,0.2,0.2,51.0,1008.74866,6.552099
2026-10-14 21:00:00+08:00,26.95,85.96093,0.0,0.0,2.0,1008.7464,5.692099
2026-10-14 22:00:00+08:00,26.55,88.00852,0.0,0.0,2.0,1008.5439,4.91634
2026-10-14 23:00:00+08:00,26.1,90.64894,0.0,0.0,2.0,1008.3415,4.353619
2026-10-15 00:00:00+08:00,25.7,92.822014,0.0,0.0,3.0,1008.13934,4.5891175
2026-10-15 01:00:00+08:00,25.45,93.92827,0.0,0.0,3.0,1008.0379,5.072041
2026-10-15 02:00:00+08:00,25.4,94.20783,0.0,0.0,3.0,1008.03766,5.692099
2026-10-15 03:00:00+08:00,25.55,93.37201,0.0,0.0,3.0,1008.338,6.269067
2026-10-15 04:00:00+08:00,25.9,91.454,0.0,0.0,3.0,1008.73944,6.638072
2026-10-15 05:00:00+08:00,26.35,89.05284,0.0,0.0,3.0,1009.3411,7.145796
2026-10-15 06:00:00+08:00,26.9,85.95614,0.0,0.0,3.0,1009.8439,7.5363917
2026-10-15 07:00:00+08:00,27.55,82.24682,0.0,0.0,3.0,1010.1475,7.674842
2026-10-15 08:00:00+08:00,28.25,77.77921,0.0,0.0,3.0,1010.152,7.7043357
2026-10-15 09:00:00+08:00,29.2,71.643166,0.0,0.0,3.0,1009.75903,7.388775
2026-10-15 10:00:00+08:00,30.5,63.72759,0.0,0.0,2.0,1008.9688,7.0107627
2026-10-15 11:00:00+08:00,31.85,56.209896,0.0,0.0,2.0,1007.97925,6.5520988
2026-10-15 12:00:00+08:00,33.1,50.187794,0.0,0.0,1.0,1006.9891,6.2483597
2026-10-15 13:00:00+08:00,33.95,46.265404,0.0,0.0,1.0,1006.19556,6.122647
2026-10-15 14:00:00+08:00,34.25,44.940838,0.0,0.0,1.0,1005.7983,6.162207
2026-10-15 15:00:00+08:00,33.75,46.929436,0.1,0.1,51.0,1005.7954,6.5049515
2026-10-15 16:00:00+08:00,32.7,51.487427,0.1,0.1,51.0,1006.18805,7.186487
2026-10-15 17:00:00+08:00,31.2,58.68126,0.1,0.1,51.0,1006.6776,8.131936
2026-10-15 18:00:00+08:00,29.65,67.32204,0.1,0.1,51.0,1007.26666,8.891343
2026-10-15 19:00:00+08:00,28.25,76.388565,0.1,0.1,51.0,1007.7566,9.335737
2026-10-15 20:00:00+08:00,27.25,83.45408,0.1,0.1,51.0,1008.0497,9.187056
2026-10-15 21:00:00+08:00,26.65,88.016914,0.0,0.0,0.0,1008.04584,8.338489
2026-10-15 22:00:00+08:00,26.2,91.19931,0.0,0.0,0.0,1007.94293,6.76618
2026-10-15 23:00:00+08:00,25.9,93.38872,0.0,0.0,0.0,1007.8412,5.1826253
